[{"created_at": "Thu Dec 12 01:18:25 +0000 2019", "id": 1204933491798003713, "id_str": "1204933491798003713", "text": "Happiest birthday to the #1 fan and bully in my life! I love you always! \ud83d\ude18 @ Angkor Wat Temple-\u1794\u17d2\u179a\u17b6\u179f\u17b6\u1791\u17a2\u1784\u17d2\u1782\u179a\u179c\u178f\u17d2\u178f https://t.co/0cVl7LfqAS", "truncated": false, "entities": {"hashtags": [], "symbols": [], "user_mentions": [], "urls": [{"url": "https://t.co/0cVl7LfqAS", "expanded_url": "https://www.instagram.com/p/B59CK9hAhGUx7tD_5yF9jOxnWteAB-d1BG1JgE0/?igshid=8l8tf2epzk0t", "display_url": "instagram.com/p/B59CK9hAhGUx\u2026", "indices": [112, 135]}]}, "metadata": {"iso_language_code": "en", "result_type": "recent"}, "source": "<a href=\"http://instagram.com\" rel=\"nofollow\">Instagram</a>", "in_reply_to_status_id": null, "in_reply_to_status_id_str": null, "in_reply_to_user_id": null, "in_reply_to_user_id_str": null, "in_reply_to_screen_name": null, "user": {"id": 40891926, "id_str": "40891926", "name": "Shrainne Dy", "screen_name": "shrainnedy", "location": "", "description": "Cul\u00e9", "url": null, "entities": {"description": {"urls": []}}, "protected": false, "followers_count": 220, "friends_count": 193, "listed_count": 2, "created_at": "Mon May 18 15:12:36 +0000 2009", "favourites_count": 5071, "utc_offset": null, "time_zone": null, "geo_enabled": true, "verified": false, "statuses_count": 15769, "lang": null, "contributors_enabled": false, "is_translator": false, "is_translation_enabled": false, "profile_background_color": "FFFFFF", "profile_background_image_url": "http://abs.twimg.com/images/themes/theme9/bg.gif", "profile_background_image_url_https": "https://abs.twimg.com/images/themes/theme9/bg.gif", "profile_background_tile": true, "profile_image_url": "http://pbs.twimg.com/profile_images/1073407799613382656/zXyVgttH_normal.jpg", "profile_image_url_https": "https://pbs.twimg.com/profile_images/1073407799613382656/zXyVgttH_normal.jpg", "profile_banner_url": "https://pbs.twimg.com/profile_banners/40891926/1448171106", "profile_link_color": "000000", "profile_sidebar_border_color": "000000", "profile_sidebar_fill_color": "FFFFFF", "profile_text_color": "000000", "profile_use_background_image": true, "has_extended_profile": false, "default_profile": false, "default_profile_image": false, "following": false, "follow_request_sent": false, "notifications": false, "translator_type": "none"}, "geo": {"type": "Point", "coordinates": [13.41214202, 103.86697769]}, "coordinates": {"type": "Point", "coordinates": [103.86697769, 13.41214202]}, "place": {"id": "df4a2798d032e321", "url": "https://api.twitter.com/1.1/geo/id/df4a2798d032e321.json", "place_type": "country", "name": "Cambodia", "full_name": "Cambodia", "country_code": "KH", "country": "Cambodia", "contained_within": [], "bounding_box": {"type": "Polygon", "coordinates": [[[102.3336805, 9.9055303], [107.630261, 9.9055303], [107.630261, 14.6912339], [102.3336805, 14.6912339]]]}, "attributes": {}}, "contributors": null, "is_quote_status": false, "retweet_count": 0, "favorite_count": 0, "favorited": false, "retweeted": false, "possibly_sensitive": false, "lang": "en"},{"created_at": "Wed Dec 11 01:25:31 +0000 2019", "id": 1204572891439718401, "id_str": "1204572891439718401", "text": "Unreal experience. https://t.co/GuYQp8Dj11", "truncated": false, "entities": {"hashtags": [], "symbols": [], "user_mentions": [], "urls": [], "media": [{"id": 1204572872523444224, "id_str": "1204572872523444224", "indices": [19, 42], "media_url": "http://pbs.twimg.com/media/ELeApTzU8AAkZws.jpg", "media_url_https": "https://pbs.twimg.com/media/ELeApTzU8AAkZws.jpg", "url": "https://t.co/GuYQp8Dj11", "display_url": "pic.twitter.com/GuYQp8Dj11", "expanded_url": "https://twitter.com/shanetravis_/status/1204572891439718401/photo/1", "type": "photo", "sizes": {"thumb": {"w": 150, "h": 150, "resize": "crop"}, "small": {"w": 509, "h": 680, "resize": "fit"}, "large": {"w": 1534, "h": 2048, "resize": "fit"}, "medium": {"w": 899, "h": 1200, "resize": "fit"}}}]}, "extended_entities": {"media": [{"id": 1204572872523444224, "id_str": "1204572872523444224", "indices": [19, 42], "media_url": "http://pbs.twimg.com/media/ELeApTzU8AAkZws.jpg", "media_url_https": "https://pbs.twimg.com/media/ELeApTzU8AAkZws.jpg", "url": "https://t.co/GuYQp8Dj11", "display_url": "pic.twitter.com/GuYQp8Dj11", "expanded_url": "https://twitter.com/shanetravis_/status/1204572891439718401/photo/1", "type": "photo", "sizes": {"thumb": {"w": 150, "h": 150, "resize": "crop"}, "small": {"w": 509, "h": 680, "resize": "fit"}, "large": {"w": 1534, "h": 2048, "resize": "fit"}, "medium": {"w": 899, "h": 1200, "resize": "fit"}}}, {"id": 1204572872523468800, "id_str": "1204572872523468800", "indices": [19, 42], "media_url": "http://pbs.twimg.com/media/ELeApTzVUAAqOtx.jpg", "media_url_https": "https://pbs.twimg.com/media/ELeApTzVUAAqOtx.jpg", "url": "https://t.co/GuYQp8Dj11", "display_url": "pic.twitter.com/GuYQp8Dj11", "expanded_url": "https://twitter.com/shanetravis_/status/1204572891439718401/photo/1", "type": "photo", "sizes": {"thumb": {"w": 150, "h": 150, "resize": "crop"}, "small": {"w": 510, "h": 680, "resize": "fit"}, "large": {"w": 1536, "h": 2048, "resize": "fit"}, "medium": {"w": 900, "h": 1200, "resize": "fit"}}}, {"id": 1204572872523407361, "id_str": "1204572872523407361", "indices": [19, 42], "media_url": "http://pbs.twimg.com/media/ELeApTzUYAExZjf.jpg", "media_url_https": "https://pbs.twimg.com/media/ELeApTzUYAExZjf.jpg", "url": "https://t.co/GuYQp8Dj11", "display_url": "pic.twitter.com/GuYQp8Dj11", "expanded_url": "https://twitter.com/shanetravis_/status/1204572891439718401/photo/1", "type": "photo", "sizes": {"medium": {"w": 1200, "h": 900, "resize": "fit"}, "small": {"w": 680, "h": 510, "resize": "fit"}, "thumb": {"w": 150, "h": 150, "resize": "crop"}, "large": {"w": 2048, "h": 1536, "resize": "fit"}}}, {"id": 1204572872527605761, "id_str": "1204572872527605761", "indices": [19, 42], "media_url": "http://pbs.twimg.com/media/ELeApT0UcAEmDoL.jpg", "media_url_https": "https://pbs.twimg.com/media/ELeApT0UcAEmDoL.jpg", "url": "https://t.co/GuYQp8Dj11", "display_url": "pic.twitter.com/GuYQp8Dj11", "expanded_url": "https://twitter.com/shanetravis_/status/1204572891439718401/photo/1", "type": "photo", "sizes": {"large": {"w": 1536, "h": 2048, "resize": "fit"}, "thumb": {"w": 150, "h": 150, "resize": "crop"}, "medium": {"w": 900, "h": 1200, "resize": "fit"}, "small": {"w": 510, "h": 680, "resize": "fit"}}}]}, "metadata": {"iso_language_code": "en", "result_type": "recent"}, "source": "<a href=\"http://twitter.com/download/iphone\" rel=\"nofollow\">Twitter for iPhone</a>", "in_reply_to_status_id": null, "in_reply_to_status_id_str": null, "in_reply_to_user_id": null, "in_reply_to_user_id_str": null, "in_reply_to_screen_name": null, "user": {"id": 4591430293, "id_str": "4591430293", "name": "Shane Travis", "screen_name": "shanetravis_", "location": "", "description": "Musician | Songwriter | Producer", "url": "https://t.co/2uOgpVIA5E", "entities": {"url": {"urls": [{"url": "https://t.co/2uOgpVIA5E", "expanded_url": "http://shanetravis.com", "display_url": "shanetravis.com", "indices": [0, 23]}]}, "description": {"urls": []}}, "protected": false, "followers_count": 182, "friends_count": 154, "listed_count": 1, "created_at": "Fri Dec 18 06:40:03 +0000 2015", "favourites_count": 1510, "utc_offset": null, "time_zone": null, "geo_enabled": true, "verified": false, "statuses_count": 1618, "lang": null, "contributors_enabled": false, "is_translator": false, "is_translation_enabled": false, "profile_background_color": "000000", "profile_background_image_url": "http://abs.twimg.com/images/themes/theme1/bg.png", "profile_background_image_url_https": "https://abs.twimg.com/images/themes/theme1/bg.png", "profile_background_tile": false, "profile_image_url": "http://pbs.twimg.com/profile_images/1163495281289125892/HBaM5EFP_normal.jpg", "profile_image_url_https": "https://pbs.twimg.com/profile_images/1163495281289125892/HBaM5EFP_normal.jpg", "profile_banner_url": "https://pbs.twimg.com/profile_banners/4591430293/1541041793", "profile_link_color": "009988", "profile_sidebar_border_color": "000000", "profile_sidebar_fill_color": "000000", "profile_text_color": "000000", "profile_use_background_image": false, "has_extended_profile": true, "default_profile": false, "default_profile_image": false, "following": false, "follow_request_sent": false, "notifications": false, "translator_type": "none"}, "geo": null, "coordinates": null, "place": {"id": "0fc267d0ec14f001", "url": "https://api.twitter.com/1.1/geo/id/0fc267d0ec14f001.json", "place_type": "poi", "name": "Angkor Wat (\u17a2\u1784\u17d2\u1782\u179a\u179c\u178f\u17d2\u178f)", "full_name": "Angkor Wat (\u17a2\u1784\u17d2\u1782\u179a\u179c\u178f\u17d2\u178f)", "country_code": "KH", "country": "Cambodia", "contained_within": [], "bounding_box": {"type": "Polygon", "coordinates": [[[103.86698, 13.412478], [103.86698, 13.412478], [103.86698, 13.412478], [103.86698, 13.412478]]]}, "attributes": {}}, "contributors": null, "is_quote_status": false, "retweet_count": 0, "favorite_count": 7, "favorited": false, "retweeted": false, "possibly_sensitive": false, "lang": "en"},{"created_at": "Mon Dec 09 22:53:13 +0000 2019", "id": 1204172175462273026, "id_str": "1204172175462273026", "text": "I'm at Angkor Balloon Flight https://t.co/Ojf9O4pRL8 https://t.co/XAS6HhAY9p", "truncated": false, "entities": {"hashtags": [], "symbols": [], "user_mentions": [], "urls": [{"url": "https://t.co/Ojf9O4pRL8", "expanded_url": "https://www.swarmapp.com/c/9zjrZDNKAUw", "display_url": "swarmapp.com/c/9zjrZDNKAUw", "indices": [29, 52]}], "media": [{"id": 1204172174006870016, "id_str": "1204172174006870016", "indices": [53, 76], "media_url": "http://pbs.twimg.com/media/ELYUNlgW4AA9cpd.jpg", "media_url_https": "https://pbs.twimg.com/media/ELYUNlgW4AA9cpd.jpg", "url": "https://t.co/XAS6HhAY9p", "display_url": "pic.twitter.com/XAS6HhAY9p", "expanded_url": "https://twitter.com/hakatahawks81/status/1204172175462273026/photo/1", "type": "photo", "sizes": {"small": {"w": 680, "h": 382, "resize": "fit"}, "thumb": {"w": 150, "h": 150, "resize": "crop"}, "medium": {"w": 1080, "h": 607, "resize": "fit"}, "large": {"w": 1080, "h": 607, "resize": "fit"}}}]}, "extended_entities": {"media": [{"id": 1204172174006870016, "id_str": "1204172174006870016", "indices": [53, 76], "media_url": "http://pbs.twimg.com/media/ELYUNlgW4AA9cpd.jpg", "media_url_https": "https://pbs.twimg.com/media/ELYUNlgW4AA9cpd.jpg", "url": "https://t.co/XAS6HhAY9p", "display_url": "pic.twitter.com/XAS6HhAY9p", "expanded_url": "https://twitter.com/hakatahawks81/status/1204172175462273026/photo/1", "type": "photo", "sizes": {"small": {"w": 680, "h": 382, "resize": "fit"}, "thumb": {"w": 150, "h": 150, "resize": "crop"}, "medium": {"w": 1080, "h": 607, "resize": "fit"}, "large": {"w": 1080, "h": 607, "resize": "fit"}}}]}, "metadata": {"iso_language_code": "en", "result_type": "recent"}, "source": "<a href=\"http://foursquare.com\" rel=\"nofollow\">Foursquare</a>", "in_reply_to_status_id": null, "in_reply_to_status_id_str": null, "in_reply_to_user_id": null, "in_reply_to_user_id_str": null, "in_reply_to_screen_name": null, "user": {"id": 247717954, "id_str": "247717954", "name": "12\u67088\u65e5 \u9999\u6e2f\u56fd\u969b\u7af6\u8d70\uff20\u6c99\u7530\u7af6\u99ac\u5834", "screen_name": "hakatahawks81", "location": "\u30e4\u30d5\u30c9\u306e\u5916 or NRT\u7b2c\u4e09 or \u5929\u661f\u5c0f\u8f2a or \u0627\u0644\u0639\u0628", "description": "\u4eba\u751f\u306f\u6771\u4eac\u9df9\u796d \u6771\u4eac\u9df9\u796d\u306f\u6211\u304c\u4eba\u751f\n\u203b\u504f\u6020\u30c4\u30a4\u591a\u3081\u306b\u4ed8\u304d\u5fa1\u6ce8\u610f  \n\u753b:2019\u6d6a\u7434\u8868\u9999\u6e2f\u570b\u969b\u8cfd\u4e8b\n Young man, forever !", "url": null, "entities": {"description": {"urls": []}}, "protected": false, "followers_count": 349, "friends_count": 304, "listed_count": 8, "created_at": "Sat Feb 05 12:13:59 +0000 2011", "favourites_count": 10204, "utc_offset": null, "time_zone": null, "geo_enabled": true, "verified": false, "statuses_count": 48806, "lang": null, "contributors_enabled": false, "is_translator": false, "is_translation_enabled": false, "profile_background_color": "C0DEED", "profile_background_image_url": "http://abs.twimg.com/images/themes/theme1/bg.png", "profile_background_image_url_https": "https://abs.twimg.com/images/themes/theme1/bg.png", "profile_background_tile": false, "profile_image_url": "http://pbs.twimg.com/profile_images/1200909897602232320/iOElDA2n_normal.jpg", "profile_image_url_https": "https://pbs.twimg.com/profile_images/1200909897602232320/iOElDA2n_normal.jpg", "profile_banner_url": "https://pbs.twimg.com/profile_banners/247717954/1507308812", "profile_link_color": "1DA1F2", "profile_sidebar_border_color": "C0DEED", "profile_sidebar_fill_color": "DDEEF6", "profile_text_color": "333333", "profile_use_background_image": true, "has_extended_profile": false, "default_profile": true, "default_profile_image": false, "following": false, "follow_request_sent": false, "notifications": false, "translator_type": "none"}, "geo": {"type": "Point", "coordinates": [13.41325541, 103.84983237]}, "coordinates": {"type": "Point", "coordinates": [103.84983237, 13.41325541]}, "place": {"id": "df4a2798d032e321", "url": "https://api.twitter.com/1.1/geo/id/df4a2798d032e321.json", "place_type": "country", "name": "Cambodia", "full_name": "Cambodia", "country_code": "KH", "country": "Cambodia", "contained_within": [], "bounding_box": {"type": "Polygon", "coordinates": [[[102.3336805, 9.9055303], [107.630261, 9.9055303], [107.630261, 14.6912339], [102.3336805, 14.6912339]]]}, "attributes": {}}, "contributors": null, "is_quote_status": false, "retweet_count": 0, "favorite_count": 1, "favorited": false, "retweeted": false, "possibly_sensitive": false, "lang": "en"},{"created_at": "Mon Dec 09 13:08:52 +0000 2019", "id": 1204025120119033856, "id_str": "1204025120119033856", "text": "Looking at the #sunrise at #angkorwattemple . How beautiful you are !!!!...... Join us now to get the great\u2026 https://t.co/XGeg2GyQFm", "truncated": true, "entities": {"hashtags": [{"text": "sunrise", "indices": [15, 23]}, {"text": "angkorwattemple", "indices": [27, 43]}], "symbols": [], "user_mentions": [], "urls": [{"url": "https://t.co/XGeg2GyQFm", "expanded_url": "https://twitter.com/i/web/status/1204025120119033856", "display_url": "twitter.com/i/web/status/1\u2026", "indices": [109, 132]}]}, "metadata": {"iso_language_code": "en", "result_type": "recent"}, "source": "<a href=\"http://instagram.com\" rel=\"nofollow\">Instagram</a>", "in_reply_to_status_id": null, "in_reply_to_status_id_str": null, "in_reply_to_user_id": null, "in_reply_to_user_id_str": null, "in_reply_to_screen_name": null, "user": {"id": 1032019064, "id_str": "1032019064", "name": "Angkor Smarty Driver Travels & Tours", "screen_name": "SiemReapAngkor2", "location": "Siem Reap,Cambodia", "description": "Dear all travelers: My name is Smarty, i am a driver guide in Siem Reap Angkor so if you visit here please don't forget contact me by  (WhatsApp: +85517232934 )", "url": "https://t.co/BK0Cjk2tF3", "entities": {"url": {"urls": [{"url": "https://t.co/BK0Cjk2tF3", "expanded_url": "https://angkorsmartydriver.com/", "display_url": "angkorsmartydriver.com", "indices": [0, 23]}]}, "description": {"urls": []}}, "protected": false, "followers_count": 227, "friends_count": 1814, "listed_count": 0, "created_at": "Mon Dec 24 05:45:18 +0000 2012", "favourites_count": 52, "utc_offset": null, "time_zone": null, "geo_enabled": true, "verified": false, "statuses_count": 777, "lang": null, "contributors_enabled": false, "is_translator": false, "is_translation_enabled": false, "profile_background_color": "B2DFDA", "profile_background_image_url": "http://abs.twimg.com/images/themes/theme13/bg.gif", "profile_background_image_url_https": "https://abs.twimg.com/images/themes/theme13/bg.gif", "profile_background_tile": false, "profile_image_url": "http://pbs.twimg.com/profile_images/847455835114491905/DexJnKsY_normal.jpg", "profile_image_url_https": "https://pbs.twimg.com/profile_images/847455835114491905/DexJnKsY_normal.jpg", "profile_banner_url": "https://pbs.twimg.com/profile_banners/1032019064/1490884081", "profile_link_color": "93A644", "profile_sidebar_border_color": "EEEEEE", "profile_sidebar_fill_color": "FFFFFF", "profile_text_color": "333333", "profile_use_background_image": true, "has_extended_profile": false, "default_profile": false, "default_profile_image": false, "following": false, "follow_request_sent": false, "notifications": false, "translator_type": "none"}, "geo": {"type": "Point", "coordinates": [13.41199491, 103.85892092]}, "coordinates": {"type": "Point", "coordinates": [103.85892092, 13.41199491]}, "place": {"id": "df4a2798d032e321", "url": "https://api.twitter.com/1.1/geo/id/df4a2798d032e321.json", "place_type": "country", "name": "Cambodia", "full_name": "Cambodia", "country_code": "KH", "country": "Cambodia", "contained_within": [], "bounding_box": {"type": "Polygon", "coordinates": [[[102.3336805, 9.9055303], [107.630261, 9.9055303], [107.630261, 14.6912339], [102.3336805, 14.6912339]]]}, "attributes": {}}, "contributors": null, "is_quote_status": false, "retweet_count": 0, "favorite_count": 0, "favorited": false, "retweeted": false, "possibly_sensitive": false, "lang": "en"},{"created_at": "Mon Dec 09 03:21:50 +0000 2019", "id": 1203877384501415936, "id_str": "1203877384501415936", "text": "I am living in a dream https://t.co/0Nt5pZunSz", "truncated": false, "entities": {"hashtags": [], "symbols": [], "user_mentions": [], "urls": [], "media": [{"id": 1203877352167493632, "id_str": "1203877352167493632", "indices": [23, 46], "media_url": "http://pbs.twimg.com/media/ELUIEskU0AAMirM.jpg", "media_url_https": "https://pbs.twimg.com/media/ELUIEskU0AAMirM.jpg", "url": "https://t.co/0Nt5pZunSz", "display_url": "pic.twitter.com/0Nt5pZunSz", "expanded_url": "https://twitter.com/tinatuyouk/status/1203877384501415936/photo/1", "type": "photo", "sizes": {"medium": {"w": 1200, "h": 900, "resize": "fit"}, "thumb": {"w": 150, "h": 150, "resize": "crop"}, "small": {"w": 680, "h": 510, "resize": "fit"}, "large": {"w": 2048, "h": 1536, "resize": "fit"}}}]}, "extended_entities": {"media": [{"id": 1203877352167493632, "id_str": "1203877352167493632", "indices": [23, 46], "media_url": "http://pbs.twimg.com/media/ELUIEskU0AAMirM.jpg", "media_url_https": "https://pbs.twimg.com/media/ELUIEskU0AAMirM.jpg", "url": "https://t.co/0Nt5pZunSz", "display_url": "pic.twitter.com/0Nt5pZunSz", "expanded_url": "https://twitter.com/tinatuyouk/status/1203877384501415936/photo/1", "type": "photo", "sizes": {"medium": {"w": 1200, "h": 900, "resize": "fit"}, "thumb": {"w": 150, "h": 150, "resize": "crop"}, "small": {"w": 680, "h": 510, "resize": "fit"}, "large": {"w": 2048, "h": 1536, "resize": "fit"}}}, {"id": 1203877352167464960, "id_str": "1203877352167464960", "indices": [23, 46], "media_url": "http://pbs.twimg.com/media/ELUIEskUYAA8w8F.jpg", "media_url_https": "https://pbs.twimg.com/media/ELUIEskUYAA8w8F.jpg", "url": "https://t.co/0Nt5pZunSz", "display_url": "pic.twitter.com/0Nt5pZunSz", "expanded_url": "https://twitter.com/tinatuyouk/status/1203877384501415936/photo/1", "type": "photo", "sizes": {"thumb": {"w": 150, "h": 150, "resize": "crop"}, "large": {"w": 1536, "h": 2048, "resize": "fit"}, "medium": {"w": 900, "h": 1200, "resize": "fit"}, "small": {"w": 510, "h": 680, "resize": "fit"}}}, {"id": 1203877352163303426, "id_str": "1203877352163303426", "indices": [23, 46], "media_url": "http://pbs.twimg.com/media/ELUIEsjU4AIV69T.jpg", "media_url_https": "https://pbs.twimg.com/media/ELUIEsjU4AIV69T.jpg", "url": "https://t.co/0Nt5pZunSz", "display_url": "pic.twitter.com/0Nt5pZunSz", "expanded_url": "https://twitter.com/tinatuyouk/status/1203877384501415936/photo/1", "type": "photo", "sizes": {"small": {"w": 680, "h": 680, "resize": "fit"}, "thumb": {"w": 150, "h": 150, "resize": "crop"}, "large": {"w": 2048, "h": 2048, "resize": "fit"}, "medium": {"w": 1200, "h": 1200, "resize": "fit"}}}, {"id": 1203877352163250177, "id_str": "1203877352163250177", "indices": [23, 46], "media_url": "http://pbs.twimg.com/media/ELUIEsjUEAEjNvG.jpg", "media_url_https": "https://pbs.twimg.com/media/ELUIEsjUEAEjNvG.jpg", "url": "https://t.co/0Nt5pZunSz", "display_url": "pic.twitter.com/0Nt5pZunSz", "expanded_url": "https://twitter.com/tinatuyouk/status/1203877384501415936/photo/1", "type": "photo", "sizes": {"thumb": {"w": 150, "h": 150, "resize": "crop"}, "large": {"w": 2048, "h": 1536, "resize": "fit"}, "medium": {"w": 1200, "h": 900, "resize": "fit"}, "small": {"w": 680, "h": 510, "resize": "fit"}}}]}, "metadata": {"iso_language_code": "en", "result_type": "recent"}, "source": "<a href=\"http://twitter.com/download/iphone\" rel=\"nofollow\">Twitter for iPhone</a>", "in_reply_to_status_id": null, "in_reply_to_status_id_str": null, "in_reply_to_user_id": null, "in_reply_to_user_id_str": null, "in_reply_to_screen_name": null, "user": {"id": 565224460, "id_str": "565224460", "name": "BABY T", "screen_name": "tinatuyouk", "location": "Montr\u00e9al, Qu\u00e9bec", "description": "\u00c0 vrai dire je sais pas, je sais plus et en fait j'en ai rien \u00e0 foutre", "url": "https://t.co/lgz2LxKyyD", "entities": {"url": {"urls": [{"url": "https://t.co/lgz2LxKyyD", "expanded_url": "https://www.instagram.com/tinatuyouk/", "display_url": "instagram.com/tinatuyouk/", "indices": [0, 23]}]}, "description": {"urls": []}}, "protected": false, "followers_count": 1587, "friends_count": 557, "listed_count": 2, "created_at": "Sat Apr 28 06:45:14 +0000 2012", "favourites_count": 24579, "utc_offset": null, "time_zone": null, "geo_enabled": true, "verified": false, "statuses_count": 22785, "lang": null, "contributors_enabled": false, "is_translator": false, "is_translation_enabled": false, "profile_background_color": "030303", "profile_background_image_url": "http://abs.twimg.com/images/themes/theme1/bg.png", "profile_background_image_url_https": "https://abs.twimg.com/images/themes/theme1/bg.png", "profile_background_tile": false, "profile_image_url": "http://pbs.twimg.com/profile_images/1204177038799589376/WBSXmz1d_normal.jpg", "profile_image_url_https": "https://pbs.twimg.com/profile_images/1204177038799589376/WBSXmz1d_normal.jpg", "profile_banner_url": "https://pbs.twimg.com/profile_banners/565224460/1573445944", "profile_link_color": "000000", "profile_sidebar_border_color": "FFFFFF", "profile_sidebar_fill_color": "DDEEF6", "profile_text_color": "333333", "profile_use_background_image": true, "has_extended_profile": true, "default_profile": false, "default_profile_image": false, "following": false, "follow_request_sent": false, "notifications": false, "translator_type": "none"}, "geo": null, "coordinates": null, "place": {"id": "0fc267d0ec14f001", "url": "https://api.twitter.com/1.1/geo/id/0fc267d0ec14f001.json", "place_type": "poi", "name": "Angkor Wat (\u17a2\u1784\u17d2\u1782\u179a\u179c\u178f\u17d2\u178f)", "full_name": "Angkor Wat (\u17a2\u1784\u17d2\u1782\u179a\u179c\u178f\u17d2\u178f)", "country_code": "KH", "country": "Cambodia", "contained_within": [], "bounding_box": {"type": "Polygon", "coordinates": [[[103.86698, 13.412478], [103.86698, 13.412478], [103.86698, 13.412478], [103.86698, 13.412478]]]}, "attributes": {}}, "contributors": null, "is_quote_status": false, "retweet_count": 0, "favorite_count": 28, "favorited": false, "retweeted": false, "possibly_sensitive": false, "lang": "en"},{"created_at": "Mon Dec 09 03:09:49 +0000 2019", "id": 1203874364128546818, "id_str": "1203874364128546818", "text": "This is the moat around Angkor Wat, Cambodia. I got lucky with the weather - nice reflection. #symmetry https://t.co/iKwhl7pMqP", "truncated": false, "entities": {"hashtags": [{"text": "symmetry", "indices": [94, 103]}], "symbols": [], "user_mentions": [], "urls": [], "media": [{"id": 1203874332440555520, "id_str": "1203874332440555520", "indices": [104, 127], "media_url": "http://pbs.twimg.com/media/ELUFU7NUcAA2Vkn.jpg", "media_url_https": "https://pbs.twimg.com/media/ELUFU7NUcAA2Vkn.jpg", "url": "https://t.co/iKwhl7pMqP", "display_url": "pic.twitter.com/iKwhl7pMqP", "expanded_url": "https://twitter.com/DublinerMaybury/status/1203874364128546818/photo/1", "type": "photo", "sizes": {"thumb": {"w": 150, "h": 150, "resize": "crop"}, "large": {"w": 2048, "h": 2048, "resize": "fit"}, "small": {"w": 680, "h": 680, "resize": "fit"}, "medium": {"w": 1200, "h": 1200, "resize": "fit"}}}]}, "extended_entities": {"media": [{"id": 1203874332440555520, "id_str": "1203874332440555520", "indices": [104, 127], "media_url": "http://pbs.twimg.com/media/ELUFU7NUcAA2Vkn.jpg", "media_url_https": "https://pbs.twimg.com/media/ELUFU7NUcAA2Vkn.jpg", "url": "https://t.co/iKwhl7pMqP", "display_url": "pic.twitter.com/iKwhl7pMqP", "expanded_url": "https://twitter.com/DublinerMaybury/status/1203874364128546818/photo/1", "type": "photo", "sizes": {"thumb": {"w": 150, "h": 150, "resize": "crop"}, "large": {"w": 2048, "h": 2048, "resize": "fit"}, "small": {"w": 680, "h": 680, "resize": "fit"}, "medium": {"w": 1200, "h": 1200, "resize": "fit"}}}]}, "metadata": {"iso_language_code": "en", "result_type": "recent"}, "source": "<a href=\"http://twitter.com/download/android\" rel=\"nofollow\">Twitter for Android</a>", "in_reply_to_status_id": null, "in_reply_to_status_id_str": null, "in_reply_to_user_id": null, "in_reply_to_user_id_str": null, "in_reply_to_screen_name": null, "user": {"id": 1203521469977747457, "id_str": "1203521469977747457", "name": "Gareth Maybury", "screen_name": "DublinerMaybury", "location": "", "description": "Irishman currently traveling around South East Asia with my girlfriend, my rucksack and my Samsung Galaxy S10. Left my job in the UK to travel. \ud83c\uddee\ud83c\uddea", "url": "https://t.co/OPabhI6kFD", "entities": {"url": {"urls": [{"url": "https://t.co/OPabhI6kFD", "expanded_url": "http://instagram.com/dublinerwithaphone", "display_url": "instagram.com/dublinerwithap\u2026", "indices": [0, 23]}]}, "description": {"urls": []}}, "protected": false, "followers_count": 18, "friends_count": 55, "listed_count": 0, "created_at": "Sun Dec 08 03:47:54 +0000 2019", "favourites_count": 3, "utc_offset": null, "time_zone": null, "geo_enabled": true, "verified": false, "statuses_count": 34, "lang": null, "contributors_enabled": false, "is_translator": false, "is_translation_enabled": false, "profile_background_color": "F5F8FA", "profile_background_image_url": null, "profile_background_image_url_https": null, "profile_background_tile": false, "profile_image_url": "http://pbs.twimg.com/profile_images/1203522797890224130/2fxGEKpf_normal.jpg", "profile_image_url_https": "https://pbs.twimg.com/profile_images/1203522797890224130/2fxGEKpf_normal.jpg", "profile_banner_url": "https://pbs.twimg.com/profile_banners/1203521469977747457/1575777219", "profile_link_color": "1DA1F2", "profile_sidebar_border_color": "C0DEED", "profile_sidebar_fill_color": "DDEEF6", "profile_text_color": "333333", "profile_use_background_image": true, "has_extended_profile": true, "default_profile": true, "default_profile_image": false, "following": false, "follow_request_sent": false, "notifications": false, "translator_type": "none"}, "geo": null, "coordinates": null, "place": {"id": "0fc267d0ec14f001", "url": "https://api.twitter.com/1.1/geo/id/0fc267d0ec14f001.json", "place_type": "poi", "name": "Angkor Wat (\u17a2\u1784\u17d2\u1782\u179a\u179c\u178f\u17d2\u178f)", "full_name": "Angkor Wat (\u17a2\u1784\u17d2\u1782\u179a\u179c\u178f\u17d2\u178f)", "country_code": "KH", "country": "Cambodia", "contained_within": [], "bounding_box": {"type": "Polygon", "coordinates": [[[103.86698, 13.412478], [103.86698, 13.412478], [103.86698, 13.412478], [103.86698, 13.412478]]]}, "attributes": {}}, "contributors": null, "is_quote_status": false, "retweet_count": 0, "favorite_count": 2, "favorited": false, "retweeted": false, "possibly_sensitive": false, "lang": "en"},{"created_at": "Mon Dec 09 00:29:25 +0000 2019", "id": 1203833998054526977, "id_str": "1203833998054526977", "text": "One or two other people decided to show up for sunrise at #angkorwat https://t.co/MGfPjDIMNZ", "truncated": false, "entities": {"hashtags": [{"text": "angkorwat", "indices": [58, 68]}], "symbols": [], "user_mentions": [], "urls": [], "media": [{"id": 1203833988164358145, "id_str": "1203833988164358145", "indices": [69, 92], "media_url": "http://pbs.twimg.com/media/ELTgolEUEAEnL0N.jpg", "media_url_https": "https://pbs.twimg.com/media/ELTgolEUEAEnL0N.jpg", "url": "https://t.co/MGfPjDIMNZ", "display_url": "pic.twitter.com/MGfPjDIMNZ", "expanded_url": "https://twitter.com/DublinerMaybury/status/1203833998054526977/photo/1", "type": "photo", "sizes": {"thumb": {"w": 150, "h": 150, "resize": "crop"}, "medium": {"w": 1024, "h": 768, "resize": "fit"}, "small": {"w": 680, "h": 510, "resize": "fit"}, "large": {"w": 1024, "h": 768, "resize": "fit"}}}]}, "extended_entities": {"media": [{"id": 1203833988164358145, "id_str": "1203833988164358145", "indices": [69, 92], "media_url": "http://pbs.twimg.com/media/ELTgolEUEAEnL0N.jpg", "media_url_https": "https://pbs.twimg.com/media/ELTgolEUEAEnL0N.jpg", "url": "https://t.co/MGfPjDIMNZ", "display_url": "pic.twitter.com/MGfPjDIMNZ", "expanded_url": "https://twitter.com/DublinerMaybury/status/1203833998054526977/photo/1", "type": "photo", "sizes": {"thumb": {"w": 150, "h": 150, "resize": "crop"}, "medium": {"w": 1024, "h": 768, "resize": "fit"}, "small": {"w": 680, "h": 510, "resize": "fit"}, "large": {"w": 1024, "h": 768, "resize": "fit"}}}]}, "metadata": {"iso_language_code": "en", "result_type": "recent"}, "source": "<a href=\"http://twitter.com/download/android\" rel=\"nofollow\">Twitter for Android</a>", "in_reply_to_status_id": null, "in_reply_to_status_id_str": null, "in_reply_to_user_id": null, "in_reply_to_user_id_str": null, "in_reply_to_screen_name": null, "user": {"id": 1203521469977747457, "id_str": "1203521469977747457", "name": "Gareth Maybury", "screen_name": "DublinerMaybury", "location": "", "description": "Irishman currently traveling around South East Asia with my girlfriend, my rucksack and my Samsung Galaxy S10. Left my job in the UK to travel. \ud83c\uddee\ud83c\uddea", "url": "https://t.co/OPabhI6kFD", "entities": {"url": {"urls": [{"url": "https://t.co/OPabhI6kFD", "expanded_url": "http://instagram.com/dublinerwithaphone", "display_url": "instagram.com/dublinerwithap\u2026", "indices": [0, 23]}]}, "description": {"urls": []}}, "protected": false, "followers_count": 18, "friends_count": 55, "listed_count": 0, "created_at": "Sun Dec 08 03:47:54 +0000 2019", "favourites_count": 3, "utc_offset": null, "time_zone": null, "geo_enabled": true, "verified": false, "statuses_count": 34, "lang": null, "contributors_enabled": false, "is_translator": false, "is_translation_enabled": false, "profile_background_color": "F5F8FA", "profile_background_image_url": null, "profile_background_image_url_https": null, "profile_background_tile": false, "profile_image_url": "http://pbs.twimg.com/profile_images/1203522797890224130/2fxGEKpf_normal.jpg", "profile_image_url_https": "https://pbs.twimg.com/profile_images/1203522797890224130/2fxGEKpf_normal.jpg", "profile_banner_url": "https://pbs.twimg.com/profile_banners/1203521469977747457/1575777219", "profile_link_color": "1DA1F2", "profile_sidebar_border_color": "C0DEED", "profile_sidebar_fill_color": "DDEEF6", "profile_text_color": "333333", "profile_use_background_image": true, "has_extended_profile": true, "default_profile": true, "default_profile_image": false, "following": false, "follow_request_sent": false, "notifications": false, "translator_type": "none"}, "geo": null, "coordinates": null, "place": {"id": "0fc267d0ec14f001", "url": "https://api.twitter.com/1.1/geo/id/0fc267d0ec14f001.json", "place_type": "poi", "name": "Angkor Wat (\u17a2\u1784\u17d2\u1782\u179a\u179c\u178f\u17d2\u178f)", "full_name": "Angkor Wat (\u17a2\u1784\u17d2\u1782\u179a\u179c\u178f\u17d2\u178f)", "country_code": "KH", "country": "Cambodia", "contained_within": [], "bounding_box": {"type": "Polygon", "coordinates": [[[103.86698, 13.412478], [103.86698, 13.412478], [103.86698, 13.412478], [103.86698, 13.412478]]]}, "attributes": {}}, "contributors": null, "is_quote_status": false, "retweet_count": 0, "favorite_count": 1, "favorited": false, "retweeted": false, "possibly_sensitive": false, "lang": "en"},{"created_at": "Sun Dec 08 03:34:01 +0000 2019", "id": 1203518065910198272, "id_str": "1203518065910198272", "text": "Still overwhelmed seeing this National Symbol behind me \u2708\ufe0f\ud83c\uddf0\ud83c\udded\u2764\ufe0f\n\n#AdamRayBTravels #WhenInCambodia #SiemReap\u2026 https://t.co/eZJ8wIr3ok", "truncated": true, "entities": {"hashtags": [{"text": "AdamRayBTravels", "indices": [64, 80]}, {"text": "WhenInCambodia", "indices": [81, 96]}, {"text": "SiemReap", "indices": [97, 106]}], "symbols": [], "user_mentions": [], "urls": [{"url": "https://t.co/eZJ8wIr3ok", "expanded_url": "https://twitter.com/i/web/status/1203518065910198272", "display_url": "twitter.com/i/web/status/1\u2026", "indices": [108, 131]}]}, "metadata": {"iso_language_code": "en", "result_type": "recent"}, "source": "<a href=\"http://instagram.com\" rel=\"nofollow\">Instagram</a>", "in_reply_to_status_id": null, "in_reply_to_status_id_str": null, "in_reply_to_user_id": null, "in_reply_to_user_id_str": null, "in_reply_to_screen_name": null, "user": {"id": 404598669, "id_str": "404598669", "name": "AdamRay30", "screen_name": "awesomeadamray", "location": "Pateros Metro Manila", "description": "Ask me now \ud83d\ude0a\ud83d\ude0a\ud83d\ude0a", "url": null, "entities": {"description": {"urls": []}}, "protected": false, "followers_count": 95, "friends_count": 70, "listed_count": 0, "created_at": "Fri Nov 04 04:31:07 +0000 2011", "favourites_count": 129, "utc_offset": null, "time_zone": null, "geo_enabled": true, "verified": false, "statuses_count": 2299, "lang": null, "contributors_enabled": false, "is_translator": false, "is_translation_enabled": false, "profile_background_color": "DBE9ED", "profile_background_image_url": "http://abs.twimg.com/images/themes/theme17/bg.gif", "profile_background_image_url_https": "https://abs.twimg.com/images/themes/theme17/bg.gif", "profile_background_tile": true, "profile_image_url": "http://pbs.twimg.com/profile_images/874653693693501441/4ykopWE0_normal.jpg", "profile_image_url_https": "https://pbs.twimg.com/profile_images/874653693693501441/4ykopWE0_normal.jpg", "profile_banner_url": "https://pbs.twimg.com/profile_banners/404598669/1475662818", "profile_link_color": "D14176", "profile_sidebar_border_color": "FFFFFF", "profile_sidebar_fill_color": "E6F6F9", "profile_text_color": "333333", "profile_use_background_image": true, "has_extended_profile": true, "default_profile": false, "default_profile_image": false, "following": false, "follow_request_sent": false, "notifications": false, "translator_type": "none"}, "geo": {"type": "Point", "coordinates": [13.41214202, 103.86697769]}, "coordinates": {"type": "Point", "coordinates": [103.86697769, 13.41214202]}, "place": {"id": "df4a2798d032e321", "url": "https://api.twitter.com/1.1/geo/id/df4a2798d032e321.json", "place_type": "country", "name": "Cambodia", "full_name": "Cambodia", "country_code": "KH", "country": "Cambodia", "contained_within": [], "bounding_box": {"type": "Polygon", "coordinates": [[[102.3336805, 9.9055303], [107.630261, 9.9055303], [107.630261, 14.6912339], [102.3336805, 14.6912339]]]}, "attributes": {}}, "contributors": null, "is_quote_status": false, "retweet_count": 0, "favorite_count": 0, "favorited": false, "retweeted": false, "possibly_sensitive": false, "lang": "en"},{"created_at": "Sun Dec 08 02:30:41 +0000 2019", "id": 1203502126803980288, "id_str": "1203502126803980288", "text": "(1/2) Forever indebted to the Lord Almighty for allowing me to explore new places, much more, do the things I love\u2026 https://t.co/1aFXidPLEe", "truncated": true, "entities": {"hashtags": [], "symbols": [], "user_mentions": [], "urls": [{"url": "https://t.co/1aFXidPLEe", "expanded_url": "https://twitter.com/i/web/status/1203502126803980288", "display_url": "twitter.com/i/web/status/1\u2026", "indices": [116, 139]}]}, "metadata": {"iso_language_code": "en", "result_type": "recent"}, "source": "<a href=\"http://twitter.com/download/iphone\" rel=\"nofollow\">Twitter for iPhone</a>", "in_reply_to_status_id": null, "in_reply_to_status_id_str": null, "in_reply_to_user_id": null, "in_reply_to_user_id_str": null, "in_reply_to_screen_name": null, "user": {"id": 1192702624543305728, "id_str": "1192702624543305728", "name": "Jeffrey Hernandez", "screen_name": "jepprih", "location": "Lipa City, Calabarzon", "description": "I travel. \u2708\ufe0f I eat. \ud83e\udd58 I love. \u2665\ufe0f Just want to make sure that when my life flashes before my eyes before I die, I\u2019m in for a great show. \ud83d\udcfa", "url": null, "entities": {"description": {"urls": []}}, "protected": false, "followers_count": 125, "friends_count": 249, "listed_count": 0, "created_at": "Fri Nov 08 07:17:27 +0000 2019", "favourites_count": 163, "utc_offset": null, "time_zone": null, "geo_enabled": true, "verified": false, "statuses_count": 143, "lang": null, "contributors_enabled": false, "is_translator": false, "is_translation_enabled": false, "profile_background_color": "F5F8FA", "profile_background_image_url": null, "profile_background_image_url_https": null, "profile_background_tile": false, "profile_image_url": "http://pbs.twimg.com/profile_images/1199683268280381440/9wlAklqM_normal.jpg", "profile_image_url_https": "https://pbs.twimg.com/profile_images/1199683268280381440/9wlAklqM_normal.jpg", "profile_banner_url": "https://pbs.twimg.com/profile_banners/1192702624543305728/1574837504", "profile_link_color": "1DA1F2", "profile_sidebar_border_color": "C0DEED", "profile_sidebar_fill_color": "DDEEF6", "profile_text_color": "333333", "profile_use_background_image": true, "has_extended_profile": false, "default_profile": true, "default_profile_image": false, "following": false, "follow_request_sent": false, "notifications": false, "translator_type": "none"}, "geo": null, "coordinates": null, "place": {"id": "0fc267d0ec14f001", "url": "https://api.twitter.com/1.1/geo/id/0fc267d0ec14f001.json", "place_type": "poi", "name": "Angkor Wat (\u17a2\u1784\u17d2\u1782\u179a\u179c\u178f\u17d2\u178f)", "full_name": "Angkor Wat (\u17a2\u1784\u17d2\u1782\u179a\u179c\u178f\u17d2\u178f)", "country_code": "KH", "country": "Cambodia", "contained_within": [], "bounding_box": {"type": "Polygon", "coordinates": [[[103.86698, 13.412478], [103.86698, 13.412478], [103.86698, 13.412478], [103.86698, 13.412478]]]}, "attributes": {}}, "contributors": null, "is_quote_status": false, "retweet_count": 0, "favorite_count": 26, "favorited": false, "retweeted": false, "possibly_sensitive": false, "lang": "en"},{"created_at": "Sun Dec 08 00:58:25 +0000 2019", "id": 1203478908227571712, "id_str": "1203478908227571712", "text": "Gorgeous start of the day #AngkorWat #sunrise #AngkorWatHalfMarathon19 followed by a run \ud83c\udf04\ud83c\udfc3\u200d\u2640\ufe0f#isppcambodia #physed https://t.co/JKk6DFvGLj", "truncated": false, "entities": {"hashtags": [{"text": "AngkorWat", "indices": [26, 36]}, {"text": "sunrise", "indices": [37, 45]}, {"text": "AngkorWatHalfMarathon19", "indices": [46, 70]}, {"text": "isppcambodia", "indices": [94, 107]}, {"text": "physed", "indices": [108, 115]}], "symbols": [], "user_mentions": [], "urls": [], "media": [{"id": 1203478892238884864, "id_str": "1203478892238884864", "indices": [116, 139], "media_url": "http://pbs.twimg.com/media/ELOdrRqUUAAfeCE.jpg", "media_url_https": "https://pbs.twimg.com/media/ELOdrRqUUAAfeCE.jpg", "url": "https://t.co/JKk6DFvGLj", "display_url": "pic.twitter.com/JKk6DFvGLj", "expanded_url": "https://twitter.com/leticarino/status/1203478908227571712/photo/1", "type": "photo", "sizes": {"thumb": {"w": 150, "h": 150, "resize": "crop"}, "large": {"w": 2048, "h": 1536, "resize": "fit"}, "medium": {"w": 1200, "h": 900, "resize": "fit"}, "small": {"w": 680, "h": 510, "resize": "fit"}}}]}, "extended_entities": {"media": [{"id": 1203478892238884864, "id_str": "1203478892238884864", "indices": [116, 139], "media_url": "http://pbs.twimg.com/media/ELOdrRqUUAAfeCE.jpg", "media_url_https": "https://pbs.twimg.com/media/ELOdrRqUUAAfeCE.jpg", "url": "https://t.co/JKk6DFvGLj", "display_url": "pic.twitter.com/JKk6DFvGLj", "expanded_url": "https://twitter.com/leticarino/status/1203478908227571712/photo/1", "type": "photo", "sizes": {"thumb": {"w": 150, "h": 150, "resize": "crop"}, "large": {"w": 2048, "h": 1536, "resize": "fit"}, "medium": {"w": 1200, "h": 900, "resize": "fit"}, "small": {"w": 680, "h": 510, "resize": "fit"}}}]}, "metadata": {"iso_language_code": "en", "result_type": "recent"}, "source": "<a href=\"http://twitter.com/download/android\" rel=\"nofollow\">Twitter for Android</a>", "in_reply_to_status_id": null, "in_reply_to_status_id_str": null, "in_reply_to_user_id": null, "in_reply_to_user_id_str": null, "in_reply_to_screen_name": null, "user": {"id": 595963673, "id_str": "595963673", "name": "Leticia Cari\u00f1o", "screen_name": "leticarino", "location": "Cambodia ", "description": "IB PYP #Physed teacher at the International School of Phnom Penh #ISPPCambodia I love to travel, explore, and learn around the world", "url": "https://t.co/GDi0RNjflc", "entities": {"url": {"urls": [{"url": "https://t.co/GDi0RNjflc", "expanded_url": "https://inspiredbymovementblog.wordpress.com", "display_url": "inspiredbymovementblog.wordpress.com", "indices": [0, 23]}]}, "description": {"urls": []}}, "protected": false, "followers_count": 1850, "friends_count": 1677, "listed_count": 166, "created_at": "Fri Jun 01 00:32:11 +0000 2012", "favourites_count": 19174, "utc_offset": null, "time_zone": null, "geo_enabled": true, "verified": false, "statuses_count": 9838, "lang": null, "contributors_enabled": false, "is_translator": false, "is_translation_enabled": false, "profile_background_color": "C0DEED", "profile_background_image_url": "http://abs.twimg.com/images/themes/theme1/bg.png", "profile_background_image_url_https": "https://abs.twimg.com/images/themes/theme1/bg.png", "profile_background_tile": false, "profile_image_url": "http://pbs.twimg.com/profile_images/857917104707690497/SSGIadsO_normal.jpg", "profile_image_url_https": "https://pbs.twimg.com/profile_images/857917104707690497/SSGIadsO_normal.jpg", "profile_banner_url": "https://pbs.twimg.com/profile_banners/595963673/1359641657", "profile_link_color": "1B95E0", "profile_sidebar_border_color": "FFFFFF", "profile_sidebar_fill_color": "DDEEF6", "profile_text_color": "333333", "profile_use_background_image": true, "has_extended_profile": true, "default_profile": false, "default_profile_image": false, "following": false, "follow_request_sent": false, "notifications": false, "translator_type": "none"}, "geo": null, "coordinates": null, "place": {"id": "07d9e103fe888000", "url": "https://api.twitter.com/1.1/geo/id/07d9e103fe888000.json", "place_type": "poi", "name": "West Gate of Angkor Wat", "full_name": "West Gate of Angkor Wat", "country_code": "KH", "country": "Cambodia", "contained_within": [], "bounding_box": {"type": "Polygon", "coordinates": [[[103.86111975267751, 13.41248240967466], [103.86111975267751, 13.41248240967466], [103.86111975267751, 13.41248240967466], [103.86111975267751, 13.41248240967466]]]}, "attributes": {}}, "contributors": null, "is_quote_status": false, "retweet_count": 3, "favorite_count": 26, "favorited": false, "retweeted": false, "possibly_sensitive": false, "lang": "en"},{"created_at": "Sat Dec 07 22:26:32 +0000 2019", "id": 1203440685694631937, "id_str": "1203440685694631937", "text": "Nervous but super excited. Lord,  thank you for this once in a lifetime opportunity. Thy will be done. https://t.co/A7ocOaqOkI", "truncated": false, "entities": {"hashtags": [], "symbols": [], "user_mentions": [], "urls": [], "media": [{"id": 1203440675242405888, "id_str": "1203440675242405888", "indices": [103, 126], "media_url": "http://pbs.twimg.com/media/ELN66wQUcAAUQ18.jpg", "media_url_https": "https://pbs.twimg.com/media/ELN66wQUcAAUQ18.jpg", "url": "https://t.co/A7ocOaqOkI", "display_url": "pic.twitter.com/A7ocOaqOkI", "expanded_url": "https://twitter.com/jepprih/status/1203440685694631937/photo/1", "type": "photo", "sizes": {"small": {"w": 680, "h": 510, "resize": "fit"}, "thumb": {"w": 150, "h": 150, "resize": "crop"}, "medium": {"w": 1024, "h": 768, "resize": "fit"}, "large": {"w": 1024, "h": 768, "resize": "fit"}}}]}, "extended_entities": {"media": [{"id": 1203440675242405888, "id_str": "1203440675242405888", "indices": [103, 126], "media_url": "http://pbs.twimg.com/media/ELN66wQUcAAUQ18.jpg", "media_url_https": "https://pbs.twimg.com/media/ELN66wQUcAAUQ18.jpg", "url": "https://t.co/A7ocOaqOkI", "display_url": "pic.twitter.com/A7ocOaqOkI", "expanded_url": "https://twitter.com/jepprih/status/1203440685694631937/photo/1", "type": "photo", "sizes": {"small": {"w": 680, "h": 510, "resize": "fit"}, "thumb": {"w": 150, "h": 150, "resize": "crop"}, "medium": {"w": 1024, "h": 768, "resize": "fit"}, "large": {"w": 1024, "h": 768, "resize": "fit"}}}]}, "metadata": {"iso_language_code": "en", "result_type": "recent"}, "source": "<a href=\"http://twitter.com/download/iphone\" rel=\"nofollow\">Twitter for iPhone</a>", "in_reply_to_status_id": null, "in_reply_to_status_id_str": null, "in_reply_to_user_id": null, "in_reply_to_user_id_str": null, "in_reply_to_screen_name": null, "user": {"id": 1192702624543305728, "id_str": "1192702624543305728", "name": "Jeffrey Hernandez", "screen_name": "jepprih", "location": "Lipa City, Calabarzon", "description": "I travel. \u2708\ufe0f I eat. \ud83e\udd58 I love. \u2665\ufe0f Just want to make sure that when my life flashes before my eyes before I die, I\u2019m in for a great show. \ud83d\udcfa", "url": null, "entities": {"description": {"urls": []}}, "protected": false, "followers_count": 125, "friends_count": 249, "listed_count": 0, "created_at": "Fri Nov 08 07:17:27 +0000 2019", "favourites_count": 163, "utc_offset": null, "time_zone": null, "geo_enabled": true, "verified": false, "statuses_count": 143, "lang": null, "contributors_enabled": false, "is_translator": false, "is_translation_enabled": false, "profile_background_color": "F5F8FA", "profile_background_image_url": null, "profile_background_image_url_https": null, "profile_background_tile": false, "profile_image_url": "http://pbs.twimg.com/profile_images/1199683268280381440/9wlAklqM_normal.jpg", "profile_image_url_https": "https://pbs.twimg.com/profile_images/1199683268280381440/9wlAklqM_normal.jpg", "profile_banner_url": "https://pbs.twimg.com/profile_banners/1192702624543305728/1574837504", "profile_link_color": "1DA1F2", "profile_sidebar_border_color": "C0DEED", "profile_sidebar_fill_color": "DDEEF6", "profile_text_color": "333333", "profile_use_background_image": true, "has_extended_profile": false, "default_profile": true, "default_profile_image": false, "following": false, "follow_request_sent": false, "notifications": false, "translator_type": "none"}, "geo": null, "coordinates": null, "place": {"id": "0fc267d0ec14f001", "url": "https://api.twitter.com/1.1/geo/id/0fc267d0ec14f001.json", "place_type": "poi", "name": "Angkor Wat (\u17a2\u1784\u17d2\u1782\u179a\u179c\u178f\u17d2\u178f)", "full_name": "Angkor Wat (\u17a2\u1784\u17d2\u1782\u179a\u179c\u178f\u17d2\u178f)", "country_code": "KH", "country": "Cambodia", "contained_within": [], "bounding_box": {"type": "Polygon", "coordinates": [[[103.86698, 13.412478], [103.86698, 13.412478], [103.86698, 13.412478], [103.86698, 13.412478]]]}, "attributes": {}}, "contributors": null, "is_quote_status": false, "retweet_count": 0, "favorite_count": 22, "favorited": false, "retweeted": false, "possibly_sensitive": false, "lang": "en"},{"created_at": "Sat Dec 07 16:49:51 +0000 2019", "id": 1203355955871674369, "id_str": "1203355955871674369", "text": "Have a nice day \ud83c\udf4c\ud83d\udca6 https://t.co/SuvVHnaImb", "truncated": false, "entities": {"hashtags": [], "symbols": [], "user_mentions": [], "urls": [], "media": [{"id": 1203355868927971329, "id_str": "1203355868927971329", "indices": [19, 42], "media_url": "http://pbs.twimg.com/ext_tw_video_thumb/1203355868927971329/pu/img/yTfS4Uko2X_dZxMV.jpg", "media_url_https": "https://pbs.twimg.com/ext_tw_video_thumb/1203355868927971329/pu/img/yTfS4Uko2X_dZxMV.jpg", "url": "https://t.co/SuvVHnaImb", "display_url": "pic.twitter.com/SuvVHnaImb", "expanded_url": "https://twitter.com/RealJessun/status/1203355955871674369/video/1", "type": "photo", "sizes": {"thumb": {"w": 150, "h": 150, "resize": "crop"}, "medium": {"w": 900, "h": 1200, "resize": "fit"}, "large": {"w": 960, "h": 1280, "resize": "fit"}, "small": {"w": 510, "h": 680, "resize": "fit"}}}]}, "extended_entities": {"media": [{"id": 1203355868927971329, "id_str": "1203355868927971329", "indices": [19, 42], "media_url": "http://pbs.twimg.com/ext_tw_video_thumb/1203355868927971329/pu/img/yTfS4Uko2X_dZxMV.jpg", "media_url_https": "https://pbs.twimg.com/ext_tw_video_thumb/1203355868927971329/pu/img/yTfS4Uko2X_dZxMV.jpg", "url": "https://t.co/SuvVHnaImb", "display_url": "pic.twitter.com/SuvVHnaImb", "expanded_url": "https://twitter.com/RealJessun/status/1203355955871674369/video/1", "type": "video", "sizes": {"thumb": {"w": 150, "h": 150, "resize": "crop"}, "medium": {"w": 900, "h": 1200, "resize": "fit"}, "large": {"w": 960, "h": 1280, "resize": "fit"}, "small": {"w": 510, "h": 680, "resize": "fit"}}, "video_info": {"aspect_ratio": [3, 4], "duration_millis": 3892, "variants": [{"bitrate": 832000, "content_type": "video/mp4", "url": "https://video.twimg.com/ext_tw_video/1203355868927971329/pu/vid/360x480/9J2OTbIMEqSifsTK.mp4?tag=10"}, {"bitrate": 2176000, "content_type": "video/mp4", "url": "https://video.twimg.com/ext_tw_video/1203355868927971329/pu/vid/720x960/HHcwRHl9bt4sHojs.mp4?tag=10"}, {"content_type": "application/x-mpegURL", "url": "https://video.twimg.com/ext_tw_video/1203355868927971329/pu/pl/qIAWp_gPVUT5lRWm.m3u8?tag=10"}, {"bitrate": 632000, "content_type": "video/mp4", "url": "https://video.twimg.com/ext_tw_video/1203355868927971329/pu/vid/320x426/uxvgKsWJZQZvzzoH.mp4?tag=10"}]}, "additional_media_info": {"monetizable": false}}]}, "metadata": {"iso_language_code": "en", "result_type": "recent"}, "source": "<a href=\"http://twitter.com/download/iphone\" rel=\"nofollow\">Twitter for iPhone</a>", "in_reply_to_status_id": null, "in_reply_to_status_id_str": null, "in_reply_to_user_id": null, "in_reply_to_user_id_str": null, "in_reply_to_screen_name": null, "user": {"id": 1202756199168372736, "id_str": "1202756199168372736", "name": "Jessun Real", "screen_name": "RealJessun", "location": "", "description": "Seriously", "url": null, "entities": {"description": {"urls": []}}, "protected": false, "followers_count": 5, "friends_count": 16, "listed_count": 0, "created_at": "Fri Dec 06 01:06:57 +0000 2019", "favourites_count": 0, "utc_offset": null, "time_zone": null, "geo_enabled": true, "verified": false, "statuses_count": 4, "lang": null, "contributors_enabled": false, "is_translator": false, "is_translation_enabled": false, "profile_background_color": "F5F8FA", "profile_background_image_url": null, "profile_background_image_url_https": null, "profile_background_tile": false, "profile_image_url": "http://pbs.twimg.com/profile_images/1202756520435310592/D8SQaBc__normal.jpg", "profile_image_url_https": "https://pbs.twimg.com/profile_images/1202756520435310592/D8SQaBc__normal.jpg", "profile_banner_url": "https://pbs.twimg.com/profile_banners/1202756199168372736/1575595579", "profile_link_color": "1DA1F2", "profile_sidebar_border_color": "C0DEED", "profile_sidebar_fill_color": "DDEEF6", "profile_text_color": "333333", "profile_use_background_image": true, "has_extended_profile": true, "default_profile": true, "default_profile_image": false, "following": false, "follow_request_sent": false, "notifications": false, "translator_type": "none"}, "geo": null, "coordinates": null, "place": {"id": "0fc267d0ec14f001", "url": "https://api.twitter.com/1.1/geo/id/0fc267d0ec14f001.json", "place_type": "poi", "name": "Angkor Wat (\u17a2\u1784\u17d2\u1782\u179a\u179c\u178f\u17d2\u178f)", "full_name": "Angkor Wat (\u17a2\u1784\u17d2\u1782\u179a\u179c\u178f\u17d2\u178f)", "country_code": "KH", "country": "Cambodia", "contained_within": [], "bounding_box": {"type": "Polygon", "coordinates": [[[103.86698, 13.412478], [103.86698, 13.412478], [103.86698, 13.412478], [103.86698, 13.412478]]]}, "attributes": {}}, "contributors": null, "is_quote_status": false, "retweet_count": 0, "favorite_count": 1, "favorited": false, "retweeted": false, "possibly_sensitive": false, "lang": "en"},{"created_at": "Sat Dec 07 13:06:27 +0000 2019", "id": 1203299736180051971, "id_str": "1203299736180051971", "text": "Taken in 2013 and 2019. Same spot. 6 years and 10 kgs apart. \ud83d\ude11 #angkorwat #siemreap #cambodia @ Angkor Wat Temple-\u2026 https://t.co/BUK8m2vYB8", "truncated": true, "entities": {"hashtags": [{"text": "angkorwat", "indices": [63, 73]}, {"text": "siemreap", "indices": [74, 83]}, {"text": "cambodia", "indices": [84, 93]}], "symbols": [], "user_mentions": [], "urls": [{"url": "https://t.co/BUK8m2vYB8", "expanded_url": "https://twitter.com/i/web/status/1203299736180051971", "display_url": "twitter.com/i/web/status/1\u2026", "indices": [116, 139]}]}, "metadata": {"iso_language_code": "en", "result_type": "recent"}, "source": "<a href=\"http://instagram.com\" rel=\"nofollow\">Instagram</a>", "in_reply_to_status_id": null, "in_reply_to_status_id_str": null, "in_reply_to_user_id": null, "in_reply_to_user_id_str": null, "in_reply_to_screen_name": null, "user": {"id": 213340576, "id_str": "213340576", "name": "Bheng Advincula", "screen_name": "bhengorgeous", "location": "Metro Manila, Manila", "description": "My alter ego owns this account.", "url": null, "entities": {"description": {"urls": []}}, "protected": false, "followers_count": 90, "friends_count": 96, "listed_count": 3, "created_at": "Mon Nov 08 17:28:39 +0000 2010", "favourites_count": 11, "utc_offset": null, "time_zone": null, "geo_enabled": true, "verified": false, "statuses_count": 5763, "lang": null, "contributors_enabled": false, "is_translator": false, "is_translation_enabled": false, "profile_background_color": "642D8B", "profile_background_image_url": "http://abs.twimg.com/images/themes/theme10/bg.gif", "profile_background_image_url_https": "https://abs.twimg.com/images/themes/theme10/bg.gif", "profile_background_tile": true, "profile_image_url": "http://pbs.twimg.com/profile_images/670772928376532993/kUa5_ckb_normal.jpg", "profile_image_url_https": "https://pbs.twimg.com/profile_images/670772928376532993/kUa5_ckb_normal.jpg", "profile_banner_url": "https://pbs.twimg.com/profile_banners/213340576/1553339154", "profile_link_color": "FF0000", "profile_sidebar_border_color": "65B0DA", "profile_sidebar_fill_color": "7AC3EE", "profile_text_color": "3D1957", "profile_use_background_image": true, "has_extended_profile": true, "default_profile": false, "default_profile_image": false, "following": false, "follow_request_sent": false, "notifications": false, "translator_type": "none"}, "geo": {"type": "Point", "coordinates": [13.41214202, 103.86697769]}, "coordinates": {"type": "Point", "coordinates": [103.86697769, 13.41214202]}, "place": {"id": "df4a2798d032e321", "url": "https://api.twitter.com/1.1/geo/id/df4a2798d032e321.json", "place_type": "country", "name": "Cambodia", "full_name": "Cambodia", "country_code": "KH", "country": "Cambodia", "contained_within": [], "bounding_box": {"type": "Polygon", "coordinates": [[[102.3336805, 9.9055303], [107.630261, 9.9055303], [107.630261, 14.6912339], [102.3336805, 14.6912339]]]}, "attributes": {}}, "contributors": null, "is_quote_status": false, "retweet_count": 0, "favorite_count": 0, "favorited": false, "retweeted": false, "possibly_sensitive": false, "lang": "en"},{"created_at": "Fri Dec 06 23:27:43 +0000 2019", "id": 1203093694884171777, "id_str": "1203093694884171777", "text": "Bike ride, here we go! #physed #icycle #AngkorWat https://t.co/a1vel9voDd", "truncated": false, "entities": {"hashtags": [{"text": "physed", "indices": [23, 30]}, {"text": "icycle", "indices": [31, 38]}, {"text": "AngkorWat", "indices": [39, 49]}], "symbols": [], "user_mentions": [], "urls": [], "media": [{"id": 1203093527271358464, "id_str": "1203093527271358464", "indices": [50, 73], "media_url": "http://pbs.twimg.com/media/ELI_MFSUwAAzlzQ.jpg", "media_url_https": "https://pbs.twimg.com/media/ELI_MFSUwAAzlzQ.jpg", "url": "https://t.co/a1vel9voDd", "display_url": "pic.twitter.com/a1vel9voDd", "expanded_url": "https://twitter.com/leticarino/status/1203093694884171777/photo/1", "type": "photo", "sizes": {"thumb": {"w": 150, "h": 150, "resize": "crop"}, "medium": {"w": 1200, "h": 900, "resize": "fit"}, "large": {"w": 2048, "h": 1536, "resize": "fit"}, "small": {"w": 680, "h": 510, "resize": "fit"}}}]}, "extended_entities": {"media": [{"id": 1203093527271358464, "id_str": "1203093527271358464", "indices": [50, 73], "media_url": "http://pbs.twimg.com/media/ELI_MFSUwAAzlzQ.jpg", "media_url_https": "https://pbs.twimg.com/media/ELI_MFSUwAAzlzQ.jpg", "url": "https://t.co/a1vel9voDd", "display_url": "pic.twitter.com/a1vel9voDd", "expanded_url": "https://twitter.com/leticarino/status/1203093694884171777/photo/1", "type": "photo", "sizes": {"thumb": {"w": 150, "h": 150, "resize": "crop"}, "medium": {"w": 1200, "h": 900, "resize": "fit"}, "large": {"w": 2048, "h": 1536, "resize": "fit"}, "small": {"w": 680, "h": 510, "resize": "fit"}}}, {"id": 1203093617868333056, "id_str": "1203093617868333056", "indices": [50, 73], "media_url": "http://pbs.twimg.com/media/ELI_RWyU4AAzXwi.jpg", "media_url_https": "https://pbs.twimg.com/media/ELI_RWyU4AAzXwi.jpg", "url": "https://t.co/a1vel9voDd", "display_url": "pic.twitter.com/a1vel9voDd", "expanded_url": "https://twitter.com/leticarino/status/1203093694884171777/photo/1", "type": "photo", "sizes": {"thumb": {"w": 150, "h": 150, "resize": "crop"}, "large": {"w": 2048, "h": 1533, "resize": "fit"}, "medium": {"w": 1200, "h": 898, "resize": "fit"}, "small": {"w": 680, "h": 509, "resize": "fit"}}}, {"id": 1203093653993820160, "id_str": "1203093653993820160", "indices": [50, 73], "media_url": "http://pbs.twimg.com/media/ELI_TdXUEAAL6L6.jpg", "media_url_https": "https://pbs.twimg.com/media/ELI_TdXUEAAL6L6.jpg", "url": "https://t.co/a1vel9voDd", "display_url": "pic.twitter.com/a1vel9voDd", "expanded_url": "https://twitter.com/leticarino/status/1203093694884171777/photo/1", "type": "photo", "sizes": {"small": {"w": 680, "h": 510, "resize": "fit"}, "thumb": {"w": 150, "h": 150, "resize": "crop"}, "medium": {"w": 1200, "h": 900, "resize": "fit"}, "large": {"w": 2048, "h": 1536, "resize": "fit"}}}]}, "metadata": {"iso_language_code": "en", "result_type": "recent"}, "source": "<a href=\"http://twitter.com/download/android\" rel=\"nofollow\">Twitter for Android</a>", "in_reply_to_status_id": null, "in_reply_to_status_id_str": null, "in_reply_to_user_id": null, "in_reply_to_user_id_str": null, "in_reply_to_screen_name": null, "user": {"id": 595963673, "id_str": "595963673", "name": "Leticia Cari\u00f1o", "screen_name": "leticarino", "location": "Cambodia ", "description": "IB PYP #Physed teacher at the International School of Phnom Penh #ISPPCambodia I love to travel, explore, and learn around the world", "url": "https://t.co/GDi0RNjflc", "entities": {"url": {"urls": [{"url": "https://t.co/GDi0RNjflc", "expanded_url": "https://inspiredbymovementblog.wordpress.com", "display_url": "inspiredbymovementblog.wordpress.com", "indices": [0, 23]}]}, "description": {"urls": []}}, "protected": false, "followers_count": 1850, "friends_count": 1677, "listed_count": 166, "created_at": "Fri Jun 01 00:32:11 +0000 2012", "favourites_count": 19174, "utc_offset": null, "time_zone": null, "geo_enabled": true, "verified": false, "statuses_count": 9838, "lang": null, "contributors_enabled": false, "is_translator": false, "is_translation_enabled": false, "profile_background_color": "C0DEED", "profile_background_image_url": "http://abs.twimg.com/images/themes/theme1/bg.png", "profile_background_image_url_https": "https://abs.twimg.com/images/themes/theme1/bg.png", "profile_background_tile": false, "profile_image_url": "http://pbs.twimg.com/profile_images/857917104707690497/SSGIadsO_normal.jpg", "profile_image_url_https": "https://pbs.twimg.com/profile_images/857917104707690497/SSGIadsO_normal.jpg", "profile_banner_url": "https://pbs.twimg.com/profile_banners/595963673/1359641657", "profile_link_color": "1B95E0", "profile_sidebar_border_color": "FFFFFF", "profile_sidebar_fill_color": "DDEEF6", "profile_text_color": "333333", "profile_use_background_image": true, "has_extended_profile": true, "default_profile": false, "default_profile_image": false, "following": false, "follow_request_sent": false, "notifications": false, "translator_type": "none"}, "geo": null, "coordinates": null, "place": {"id": "0fc267d0ec14f001", "url": "https://api.twitter.com/1.1/geo/id/0fc267d0ec14f001.json", "place_type": "poi", "name": "Angkor Wat (\u17a2\u1784\u17d2\u1782\u179a\u179c\u178f\u17d2\u178f)", "full_name": "Angkor Wat (\u17a2\u1784\u17d2\u1782\u179a\u179c\u178f\u17d2\u178f)", "country_code": "KH", "country": "Cambodia", "contained_within": [], "bounding_box": {"type": "Polygon", "coordinates": [[[103.86698, 13.412478], [103.86698, 13.412478], [103.86698, 13.412478], [103.86698, 13.412478]]]}, "attributes": {}}, "contributors": null, "is_quote_status": false, "retweet_count": 2, "favorite_count": 21, "favorited": false, "retweeted": false, "possibly_sensitive": false, "lang": "en"},{"created_at": "Fri Dec 06 23:15:41 +0000 2019", "id": 1203090664902340608, "id_str": "1203090664902340608", "text": "my cloudy \u26c5\ufe0f sunrise (@ Angkor Wat in Siem Reap) https://t.co/rFjjU3sAx2 https://t.co/1uSPwqKkg6", "truncated": false, "entities": {"hashtags": [], "symbols": [], "user_mentions": [], "urls": [{"url": "https://t.co/rFjjU3sAx2", "expanded_url": "https://www.swarmapp.com/c/lLOldemBS9f", "display_url": "swarmapp.com/c/lLOldemBS9f", "indices": [49, 72]}], "media": [{"id": 1203090662742282240, "id_str": "1203090662742282240", "indices": [73, 96], "media_url": "http://pbs.twimg.com/media/ELI8lWFX0AAcS45.jpg", "media_url_https": "https://pbs.twimg.com/media/ELI8lWFX0AAcS45.jpg", "url": "https://t.co/1uSPwqKkg6", "display_url": "pic.twitter.com/1uSPwqKkg6", "expanded_url": "https://twitter.com/siwi_anastasia/status/1203090664902340608/photo/1", "type": "photo", "sizes": {"small": {"w": 680, "h": 510, "resize": "fit"}, "thumb": {"w": 150, "h": 150, "resize": "crop"}, "medium": {"w": 1200, "h": 900, "resize": "fit"}, "large": {"w": 1920, "h": 1440, "resize": "fit"}}}]}, "extended_entities": {"media": [{"id": 1203090662742282240, "id_str": "1203090662742282240", "indices": [73, 96], "media_url": "http://pbs.twimg.com/media/ELI8lWFX0AAcS45.jpg", "media_url_https": "https://pbs.twimg.com/media/ELI8lWFX0AAcS45.jpg", "url": "https://t.co/1uSPwqKkg6", "display_url": "pic.twitter.com/1uSPwqKkg6", "expanded_url": "https://twitter.com/siwi_anastasia/status/1203090664902340608/photo/1", "type": "photo", "sizes": {"small": {"w": 680, "h": 510, "resize": "fit"}, "thumb": {"w": 150, "h": 150, "resize": "crop"}, "medium": {"w": 1200, "h": 900, "resize": "fit"}, "large": {"w": 1920, "h": 1440, "resize": "fit"}}}]}, "metadata": {"iso_language_code": "en", "result_type": "recent"}, "source": "<a href=\"http://foursquare.com\" rel=\"nofollow\">Foursquare</a>", "in_reply_to_status_id": null, "in_reply_to_status_id_str": null, "in_reply_to_user_id": null, "in_reply_to_user_id_str": null, "in_reply_to_screen_name": null, "user": {"id": 27613770, "id_str": "27613770", "name": "siwi.a", "screen_name": "siwi_anastasia", "location": "Mampang Prapatan, Jakarta", "description": "", "url": null, "entities": {"description": {"urls": []}}, "protected": false, "followers_count": 379, "friends_count": 256, "listed_count": 6, "created_at": "Mon Mar 30 10:16:15 +0000 2009", "favourites_count": 1328, "utc_offset": null, "time_zone": null, "geo_enabled": true, "verified": false, "statuses_count": 9157, "lang": null, "contributors_enabled": false, "is_translator": false, "is_translation_enabled": false, "profile_background_color": "0099B9", "profile_background_image_url": "http://abs.twimg.com/images/themes/theme4/bg.gif", "profile_background_image_url_https": "https://abs.twimg.com/images/themes/theme4/bg.gif", "profile_background_tile": false, "profile_image_url": "http://pbs.twimg.com/profile_images/1199357780223655936/2h1cCixk_normal.jpg", "profile_image_url_https": "https://pbs.twimg.com/profile_images/1199357780223655936/2h1cCixk_normal.jpg", "profile_banner_url": "https://pbs.twimg.com/profile_banners/27613770/1554692385", "profile_link_color": "0099B9", "profile_sidebar_border_color": "5ED4DC", "profile_sidebar_fill_color": "95E8EC", "profile_text_color": "3C3940", "profile_use_background_image": true, "has_extended_profile": true, "default_profile": false, "default_profile_image": false, "following": false, "follow_request_sent": false, "notifications": false, "translator_type": "none"}, "geo": {"type": "Point", "coordinates": [13.412478, 103.86698]}, "coordinates": {"type": "Point", "coordinates": [103.86698, 13.412478]}, "place": {"id": "df4a2798d032e321", "url": "https://api.twitter.com/1.1/geo/id/df4a2798d032e321.json", "place_type": "country", "name": "Cambodia", "full_name": "Cambodia", "country_code": "KH", "country": "Cambodia", "contained_within": [], "bounding_box": {"type": "Polygon", "coordinates": [[[102.3336805, 9.9055303], [107.630261, 9.9055303], [107.630261, 14.6912339], [102.3336805, 14.6912339]]]}, "attributes": {}}, "contributors": null, "is_quote_status": false, "retweet_count": 0, "favorite_count": 1, "favorited": false, "retweeted": false, "possibly_sensitive": false, "lang": "en"},{"created_at": "Fri Dec 06 11:03:57 +0000 2019", "id": 1202906516392534017, "id_str": "1202906516392534017", "text": "More than the beautiful scene, this place has a lot to offer... \ud83d\ude0d\nBy the way,  this is the largest religious monume\u2026 https://t.co/7zbIgieF34", "truncated": true, "entities": {"hashtags": [], "symbols": [], "user_mentions": [], "urls": [{"url": "https://t.co/7zbIgieF34", "expanded_url": "https://twitter.com/i/web/status/1202906516392534017", "display_url": "twitter.com/i/web/status/1\u2026", "indices": [117, 140]}]}, "metadata": {"iso_language_code": "en", "result_type": "recent"}, "source": "<a href=\"http://instagram.com\" rel=\"nofollow\">Instagram</a>", "in_reply_to_status_id": null, "in_reply_to_status_id_str": null, "in_reply_to_user_id": null, "in_reply_to_user_id_str": null, "in_reply_to_screen_name": null, "user": {"id": 56323992, "id_str": "56323992", "name": "ZEDRICK\u2122", "screen_name": "MrZedSuan", "location": "Earth", "description": "A GOOD MAN WITH BAD HABITS! https://t.co/H0IQLsezge", "url": "https://t.co/A20wad68vV", "entities": {"url": {"urls": [{"url": "https://t.co/A20wad68vV", "expanded_url": "http://www.facebook.com/MrZedSuan", "display_url": "facebook.com/MrZedSuan", "indices": [0, 23]}]}, "description": {"urls": [{"url": "https://t.co/H0IQLsezge", "expanded_url": "http://Instagram.com/mrzedsuan", "display_url": "Instagram.com/mrzedsuan", "indices": [28, 51]}]}}, "protected": false, "followers_count": 518, "friends_count": 301, "listed_count": 7, "created_at": "Mon Jul 13 08:36:04 +0000 2009", "favourites_count": 6311, "utc_offset": null, "time_zone": null, "geo_enabled": true, "verified": false, "statuses_count": 10510, "lang": null, "contributors_enabled": false, "is_translator": false, "is_translation_enabled": false, "profile_background_color": "940811", "profile_background_image_url": "http://abs.twimg.com/images/themes/theme3/bg.gif", "profile_background_image_url_https": "https://abs.twimg.com/images/themes/theme3/bg.gif", "profile_background_tile": true, "profile_image_url": "http://pbs.twimg.com/profile_images/1100741948845973506/JsXJV5kI_normal.jpg", "profile_image_url_https": "https://pbs.twimg.com/profile_images/1100741948845973506/JsXJV5kI_normal.jpg", "profile_banner_url": "https://pbs.twimg.com/profile_banners/56323992/1550241917", "profile_link_color": "4331E8", "profile_sidebar_border_color": "000000", "profile_sidebar_fill_color": "E3E2DE", "profile_text_color": "634047", "profile_use_background_image": true, "has_extended_profile": true, "default_profile": false, "default_profile_image": false, "following": false, "follow_request_sent": false, "notifications": false, "translator_type": "none"}, "geo": {"type": "Point", "coordinates": [13.41199491, 103.85892092]}, "coordinates": {"type": "Point", "coordinates": [103.85892092, 13.41199491]}, "place": {"id": "df4a2798d032e321", "url": "https://api.twitter.com/1.1/geo/id/df4a2798d032e321.json", "place_type": "country", "name": "Cambodia", "full_name": "Cambodia", "country_code": "KH", "country": "Cambodia", "contained_within": [], "bounding_box": {"type": "Polygon", "coordinates": [[[102.3336805, 9.9055303], [107.630261, 9.9055303], [107.630261, 14.6912339], [102.3336805, 14.6912339]]]}, "attributes": {}}, "contributors": null, "is_quote_status": false, "retweet_count": 0, "favorite_count": 0, "favorited": false, "retweeted": false, "possibly_sensitive": false, "lang": "en"},{"created_at": "Fri Dec 06 06:17:38 +0000 2019", "id": 1202834466147684352, "id_str": "1202834466147684352", "text": "We go for more adventures. Know the places and cultures, stay connect with the world. https://t.co/X6MQnHliVB", "truncated": false, "entities": {"hashtags": [], "symbols": [], "user_mentions": [], "urls": [], "media": [{"id": 1202834437680984064, "id_str": "1202834437680984064", "indices": [86, 109], "media_url": "http://pbs.twimg.com/media/ELFTjFWU8AAs64T.jpg", "media_url_https": "https://pbs.twimg.com/media/ELFTjFWU8AAs64T.jpg", "url": "https://t.co/X6MQnHliVB", "display_url": "pic.twitter.com/X6MQnHliVB", "expanded_url": "https://twitter.com/ltjng/status/1202834466147684352/photo/1", "type": "photo", "sizes": {"thumb": {"w": 150, "h": 150, "resize": "crop"}, "large": {"w": 1536, "h": 2048, "resize": "fit"}, "medium": {"w": 900, "h": 1200, "resize": "fit"}, "small": {"w": 510, "h": 680, "resize": "fit"}}}]}, "extended_entities": {"media": [{"id": 1202834437680984064, "id_str": "1202834437680984064", "indices": [86, 109], "media_url": "http://pbs.twimg.com/media/ELFTjFWU8AAs64T.jpg", "media_url_https": "https://pbs.twimg.com/media/ELFTjFWU8AAs64T.jpg", "url": "https://t.co/X6MQnHliVB", "display_url": "pic.twitter.com/X6MQnHliVB", "expanded_url": "https://twitter.com/ltjng/status/1202834466147684352/photo/1", "type": "photo", "sizes": {"thumb": {"w": 150, "h": 150, "resize": "crop"}, "large": {"w": 1536, "h": 2048, "resize": "fit"}, "medium": {"w": 900, "h": 1200, "resize": "fit"}, "small": {"w": 510, "h": 680, "resize": "fit"}}}, {"id": 1202834437722927104, "id_str": "1202834437722927104", "indices": [86, 109], "media_url": "http://pbs.twimg.com/media/ELFTjFgU8AA7Sre.jpg", "media_url_https": "https://pbs.twimg.com/media/ELFTjFgU8AA7Sre.jpg", "url": "https://t.co/X6MQnHliVB", "display_url": "pic.twitter.com/X6MQnHliVB", "expanded_url": "https://twitter.com/ltjng/status/1202834466147684352/photo/1", "type": "photo", "sizes": {"large": {"w": 1376, "h": 2048, "resize": "fit"}, "thumb": {"w": 150, "h": 150, "resize": "crop"}, "medium": {"w": 806, "h": 1200, "resize": "fit"}, "small": {"w": 457, "h": 680, "resize": "fit"}}}, {"id": 1202834437680971777, "id_str": "1202834437680971777", "indices": [86, 109], "media_url": "http://pbs.twimg.com/media/ELFTjFWUwAEyxxo.jpg", "media_url_https": "https://pbs.twimg.com/media/ELFTjFWUwAEyxxo.jpg", "url": "https://t.co/X6MQnHliVB", "display_url": "pic.twitter.com/X6MQnHliVB", "expanded_url": "https://twitter.com/ltjng/status/1202834466147684352/photo/1", "type": "photo", "sizes": {"thumb": {"w": 150, "h": 150, "resize": "crop"}, "small": {"w": 510, "h": 680, "resize": "fit"}, "large": {"w": 1536, "h": 2048, "resize": "fit"}, "medium": {"w": 900, "h": 1200, "resize": "fit"}}}, {"id": 1202834437823533059, "id_str": "1202834437823533059", "indices": [86, 109], "media_url": "http://pbs.twimg.com/media/ELFTjF4UEAMd_Pm.jpg", "media_url_https": "https://pbs.twimg.com/media/ELFTjF4UEAMd_Pm.jpg", "url": "https://t.co/X6MQnHliVB", "display_url": "pic.twitter.com/X6MQnHliVB", "expanded_url": "https://twitter.com/ltjng/status/1202834466147684352/photo/1", "type": "photo", "sizes": {"thumb": {"w": 150, "h": 150, "resize": "crop"}, "small": {"w": 510, "h": 680, "resize": "fit"}, "large": {"w": 1536, "h": 2048, "resize": "fit"}, "medium": {"w": 900, "h": 1200, "resize": "fit"}}}]}, "metadata": {"iso_language_code": "en", "result_type": "recent"}, "source": "<a href=\"http://twitter.com/download/iphone\" rel=\"nofollow\">Twitter for iPhone</a>", "in_reply_to_status_id": null, "in_reply_to_status_id_str": null, "in_reply_to_user_id": null, "in_reply_to_user_id_str": null, "in_reply_to_screen_name": null, "user": {"id": 845270767, "id_str": "845270767", "name": "Wilderness Rover", "screen_name": "ltjng", "location": "Izumisano-shi, Osaka", "description": "", "url": "https://t.co/TqSpihWyud", "entities": {"url": {"urls": [{"url": "https://t.co/TqSpihWyud", "expanded_url": "https://www.youtube.com/user/ltjng", "display_url": "youtube.com/user/ltjng", "indices": [0, 23]}]}, "description": {"urls": []}}, "protected": false, "followers_count": 1, "friends_count": 13, "listed_count": 0, "created_at": "Tue Sep 25 10:29:15 +0000 2012", "favourites_count": 136, "utc_offset": null, "time_zone": null, "geo_enabled": true, "verified": false, "statuses_count": 25, "lang": null, "contributors_enabled": false, "is_translator": false, "is_translation_enabled": false, "profile_background_color": "C0DEED", "profile_background_image_url": "http://abs.twimg.com/images/themes/theme1/bg.png", "profile_background_image_url_https": "https://abs.twimg.com/images/themes/theme1/bg.png", "profile_background_tile": false, "profile_image_url": "http://pbs.twimg.com/profile_images/1165175322561544192/jCdT1lLE_normal.jpg", "profile_image_url_https": "https://pbs.twimg.com/profile_images/1165175322561544192/jCdT1lLE_normal.jpg", "profile_banner_url": "https://pbs.twimg.com/profile_banners/845270767/1348569305", "profile_link_color": "1DA1F2", "profile_sidebar_border_color": "C0DEED", "profile_sidebar_fill_color": "DDEEF6", "profile_text_color": "333333", "profile_use_background_image": true, "has_extended_profile": false, "default_profile": true, "default_profile_image": false, "following": false, "follow_request_sent": false, "notifications": false, "translator_type": "none"}, "geo": null, "coordinates": null, "place": {"id": "0fc267d0ec14f001", "url": "https://api.twitter.com/1.1/geo/id/0fc267d0ec14f001.json", "place_type": "poi", "name": "Angkor Wat (\u17a2\u1784\u17d2\u1782\u179a\u179c\u178f\u17d2\u178f)", "full_name": "Angkor Wat (\u17a2\u1784\u17d2\u1782\u179a\u179c\u178f\u17d2\u178f)", "country_code": "KH", "country": "Cambodia", "contained_within": [], "bounding_box": {"type": "Polygon", "coordinates": [[[103.86698, 13.412478], [103.86698, 13.412478], [103.86698, 13.412478], [103.86698, 13.412478]]]}, "attributes": {}}, "contributors": null, "is_quote_status": false, "retweet_count": 0, "favorite_count": 0, "favorited": false, "retweeted": false, "possibly_sensitive": false, "lang": "en"},{"created_at": "Fri Dec 06 03:12:17 +0000 2019", "id": 1202787817736343554, "id_str": "1202787817736343554", "text": "End of holiday. Thank you for the memories \ud83e\udd70\ud83e\udd70\ud83e\udd70\n.\n.\n.\n.\n#lefamilia\n#ohana\n#ohanameansfamily\n#nobodygeteftbehind\u2026 https://t.co/upITHBLGq4", "truncated": true, "entities": {"hashtags": [{"text": "lefamilia", "indices": [55, 65]}, {"text": "ohana", "indices": [66, 72]}, {"text": "ohanameansfamily", "indices": [73, 90]}, {"text": "nobodygeteftbehind", "indices": [91, 110]}], "symbols": [], "user_mentions": [], "urls": [{"url": "https://t.co/upITHBLGq4", "expanded_url": "https://twitter.com/i/web/status/1202787817736343554", "display_url": "twitter.com/i/web/status/1\u2026", "indices": [112, 135]}]}, "metadata": {"iso_language_code": "en", "result_type": "recent"}, "source": "<a href=\"http://instagram.com\" rel=\"nofollow\">Instagram</a>", "in_reply_to_status_id": null, "in_reply_to_status_id_str": null, "in_reply_to_user_id": null, "in_reply_to_user_id_str": null, "in_reply_to_screen_name": null, "user": {"id": 320538652, "id_str": "320538652", "name": "Aaron Alpero", "screen_name": "AaronAlpero", "location": "Lahad Datu, Sabah", "description": "my name is aaron, and my fart smells like raspberries.", "url": "https://t.co/vxeIJ1WQGW", "entities": {"url": {"urls": [{"url": "https://t.co/vxeIJ1WQGW", "expanded_url": "http://www.facebook.com/ronth", "display_url": "facebook.com/ronth", "indices": [0, 23]}]}, "description": {"urls": []}}, "protected": false, "followers_count": 183, "friends_count": 159, "listed_count": 9, "created_at": "Mon Jun 20 02:57:10 +0000 2011", "favourites_count": 154, "utc_offset": null, "time_zone": null, "geo_enabled": true, "verified": false, "statuses_count": 8796, "lang": null, "contributors_enabled": false, "is_translator": false, "is_translation_enabled": false, "profile_background_color": "111111", "profile_background_image_url": "http://abs.twimg.com/images/themes/theme9/bg.gif", "profile_background_image_url_https": "https://abs.twimg.com/images/themes/theme9/bg.gif", "profile_background_tile": false, "profile_image_url": "http://pbs.twimg.com/profile_images/1154739977671942144/RUdoT5Tg_normal.jpg", "profile_image_url_https": "https://pbs.twimg.com/profile_images/1154739977671942144/RUdoT5Tg_normal.jpg", "profile_banner_url": "https://pbs.twimg.com/profile_banners/320538652/1564146440", "profile_link_color": "F55555", "profile_sidebar_border_color": "181A1E", "profile_sidebar_fill_color": "252429", "profile_text_color": "666666", "profile_use_background_image": true, "has_extended_profile": false, "default_profile": false, "default_profile_image": false, "following": false, "follow_request_sent": false, "notifications": false, "translator_type": "none"}, "geo": {"type": "Point", "coordinates": [13.41214202, 103.86697769]}, "coordinates": {"type": "Point", "coordinates": [103.86697769, 13.41214202]}, "place": {"id": "df4a2798d032e321", "url": "https://api.twitter.com/1.1/geo/id/df4a2798d032e321.json", "place_type": "country", "name": "Cambodia", "full_name": "Cambodia", "country_code": "KH", "country": "Cambodia", "contained_within": [], "bounding_box": {"type": "Polygon", "coordinates": [[[102.3336805, 9.9055303], [107.630261, 9.9055303], [107.630261, 14.6912339], [102.3336805, 14.6912339]]]}, "attributes": {}}, "contributors": null, "is_quote_status": false, "retweet_count": 0, "favorite_count": 0, "favorited": false, "retweeted": false, "possibly_sensitive": false, "lang": "en"},{"created_at": "Thu Dec 05 12:15:25 +0000 2019", "id": 1202562115493597185, "id_str": "1202562115493597185", "text": "Hello from Cambodia! https://t.co/EO4trpAE2b", "truncated": false, "entities": {"hashtags": [], "symbols": [], "user_mentions": [], "urls": [], "media": [{"id": 1202562085839933440, "id_str": "1202562085839933440", "indices": [21, 44], "media_url": "http://pbs.twimg.com/media/ELBb2HrXkAAwb13.jpg", "media_url_https": "https://pbs.twimg.com/media/ELBb2HrXkAAwb13.jpg", "url": "https://t.co/EO4trpAE2b", "display_url": "pic.twitter.com/EO4trpAE2b", "expanded_url": "https://twitter.com/megkesh/status/1202562115493597185/photo/1", "type": "photo", "sizes": {"thumb": {"w": 150, "h": 150, "resize": "crop"}, "large": {"w": 1024, "h": 1024, "resize": "fit"}, "medium": {"w": 1024, "h": 1024, "resize": "fit"}, "small": {"w": 680, "h": 680, "resize": "fit"}}}]}, "extended_entities": {"media": [{"id": 1202562085839933440, "id_str": "1202562085839933440", "indices": [21, 44], "media_url": "http://pbs.twimg.com/media/ELBb2HrXkAAwb13.jpg", "media_url_https": "https://pbs.twimg.com/media/ELBb2HrXkAAwb13.jpg", "url": "https://t.co/EO4trpAE2b", "display_url": "pic.twitter.com/EO4trpAE2b", "expanded_url": "https://twitter.com/megkesh/status/1202562115493597185/photo/1", "type": "photo", "sizes": {"thumb": {"w": 150, "h": 150, "resize": "crop"}, "large": {"w": 1024, "h": 1024, "resize": "fit"}, "medium": {"w": 1024, "h": 1024, "resize": "fit"}, "small": {"w": 680, "h": 680, "resize": "fit"}}}]}, "metadata": {"iso_language_code": "en", "result_type": "recent"}, "source": "<a href=\"http://twitter.com/download/iphone\" rel=\"nofollow\">Twitter for iPhone</a>", "in_reply_to_status_id": null, "in_reply_to_status_id_str": null, "in_reply_to_user_id": null, "in_reply_to_user_id_str": null, "in_reply_to_screen_name": null, "user": {"id": 1287251676, "id_str": "1287251676", "name": "Meghana Keshavan", "screen_name": "megkesh", "location": "Los Angeles, CA", "description": "biotech nerd, biotech writer @statnews", "url": "https://t.co/P5ccRpeuuu", "entities": {"url": {"urls": [{"url": "https://t.co/P5ccRpeuuu", "expanded_url": "https://www.statnews.com/staff/meghana-keshavan/", "display_url": "statnews.com/staff/meghana-\u2026", "indices": [0, 23]}]}, "description": {"urls": []}}, "protected": false, "followers_count": 6234, "friends_count": 789, "listed_count": 297, "created_at": "Thu Mar 21 23:51:08 +0000 2013", "favourites_count": 3117, "utc_offset": null, "time_zone": null, "geo_enabled": true, "verified": true, "statuses_count": 4248, "lang": null, "contributors_enabled": false, "is_translator": false, "is_translation_enabled": true, "profile_background_color": "1A1B1F", "profile_background_image_url": "http://abs.twimg.com/images/themes/theme9/bg.gif", "profile_background_image_url_https": "https://abs.twimg.com/images/themes/theme9/bg.gif", "profile_background_tile": false, "profile_image_url": "http://pbs.twimg.com/profile_images/378800000852568491/c4d14ee11ffa821cb03e7f337f16e449_normal.jpeg", "profile_image_url_https": "https://pbs.twimg.com/profile_images/378800000852568491/c4d14ee11ffa821cb03e7f337f16e449_normal.jpeg", "profile_banner_url": "https://pbs.twimg.com/profile_banners/1287251676/1398442886", "profile_link_color": "2FC2EF", "profile_sidebar_border_color": "181A1E", "profile_sidebar_fill_color": "252429", "profile_text_color": "666666", "profile_use_background_image": true, "has_extended_profile": true, "default_profile": false, "default_profile_image": false, "following": false, "follow_request_sent": false, "notifications": false, "translator_type": "none"}, "geo": null, "coordinates": null, "place": {"id": "0fc267d0ec14f001", "url": "https://api.twitter.com/1.1/geo/id/0fc267d0ec14f001.json", "place_type": "poi", "name": "Angkor Wat (\u17a2\u1784\u17d2\u1782\u179a\u179c\u178f\u17d2\u178f)", "full_name": "Angkor Wat (\u17a2\u1784\u17d2\u1782\u179a\u179c\u178f\u17d2\u178f)", "country_code": "KH", "country": "Cambodia", "contained_within": [], "bounding_box": {"type": "Polygon", "coordinates": [[[103.86698, 13.412478], [103.86698, 13.412478], [103.86698, 13.412478], [103.86698, 13.412478]]]}, "attributes": {}}, "contributors": null, "is_quote_status": false, "retweet_count": 0, "favorite_count": 28, "favorited": false, "retweeted": false, "possibly_sensitive": false, "lang": "en"},{"created_at": "Thu Dec 05 01:07:44 +0000 2019", "id": 1202394086570782721, "id_str": "1202394086570782721", "text": "When I was younger, I used to tell my mother that I was scared to go to the temple to pray, bc I didn't know what I\u2026 https://t.co/1y7ItxBN3K", "truncated": true, "entities": {"hashtags": [], "symbols": [], "user_mentions": [], "urls": [{"url": "https://t.co/1y7ItxBN3K", "expanded_url": "https://twitter.com/i/web/status/1202394086570782721", "display_url": "twitter.com/i/web/status/1\u2026", "indices": [117, 140]}]}, "metadata": {"iso_language_code": "en", "result_type": "recent"}, "source": "<a href=\"http://instagram.com\" rel=\"nofollow\">Instagram</a>", "in_reply_to_status_id": null, "in_reply_to_status_id_str": null, "in_reply_to_user_id": null, "in_reply_to_user_id_str": null, "in_reply_to_screen_name": null, "user": {"id": 343285932, "id_str": "343285932", "name": "Natalie Chew", "screen_name": "cyanideniko", "location": "Hokkaido, Japan.", "description": "Kinda always bored, kinda always want a coffee.", "url": "https://t.co/EQezZVJTtf", "entities": {"url": {"urls": [{"url": "https://t.co/EQezZVJTtf", "expanded_url": "http://www.cyanidescribbles.wordpress.com", "display_url": "cyanidescribbles.wordpress.com", "indices": [0, 23]}]}, "description": {"urls": []}}, "protected": false, "followers_count": 270, "friends_count": 319, "listed_count": 2, "created_at": "Wed Jul 27 10:04:30 +0000 2011", "favourites_count": 1824, "utc_offset": null, "time_zone": null, "geo_enabled": true, "verified": false, "statuses_count": 50052, "lang": null, "contributors_enabled": false, "is_translator": false, "is_translation_enabled": false, "profile_background_color": "07080A", "profile_background_image_url": "http://abs.twimg.com/images/themes/theme9/bg.gif", "profile_background_image_url_https": "https://abs.twimg.com/images/themes/theme9/bg.gif", "profile_background_tile": false, "profile_image_url": "http://pbs.twimg.com/profile_images/951331675442589696/-_LwmJKd_normal.jpg", "profile_image_url_https": "https://pbs.twimg.com/profile_images/951331675442589696/-_LwmJKd_normal.jpg", "profile_banner_url": "https://pbs.twimg.com/profile_banners/343285932/1515650032", "profile_link_color": "9E0202", "profile_sidebar_border_color": "000000", "profile_sidebar_fill_color": "252429", "profile_text_color": "666666", "profile_use_background_image": true, "has_extended_profile": true, "default_profile": false, "default_profile_image": false, "following": false, "follow_request_sent": false, "notifications": false, "translator_type": "none"}, "geo": {"type": "Point", "coordinates": [13.41214202, 103.86697769]}, "coordinates": {"type": "Point", "coordinates": [103.86697769, 13.41214202]}, "place": {"id": "df4a2798d032e321", "url": "https://api.twitter.com/1.1/geo/id/df4a2798d032e321.json", "place_type": "country", "name": "Cambodia", "full_name": "Cambodia", "country_code": "KH", "country": "Cambodia", "contained_within": [], "bounding_box": {"type": "Polygon", "coordinates": [[[102.3336805, 9.9055303], [107.630261, 9.9055303], [107.630261, 14.6912339], [102.3336805, 14.6912339]]]}, "attributes": {}}, "contributors": null, "is_quote_status": false, "retweet_count": 0, "favorite_count": 0, "favorited": false, "retweeted": false, "possibly_sensitive": false, "lang": "en"},{"created_at": "Wed Dec 04 07:54:15 +0000 2019", "id": 1202134002410196993, "id_str": "1202134002410196993", "text": "The amazing Angkor Wat, Cambodia. https://t.co/SqIUhbdcxv", "truncated": false, "entities": {"hashtags": [], "symbols": [], "user_mentions": [], "urls": [], "media": [{"id": 1202133986685808645, "id_str": "1202133986685808645", "indices": [34, 57], "media_url": "http://pbs.twimg.com/media/EK7WfeDU8AUzJV_.jpg", "media_url_https": "https://pbs.twimg.com/media/EK7WfeDU8AUzJV_.jpg", "url": "https://t.co/SqIUhbdcxv", "display_url": "pic.twitter.com/SqIUhbdcxv", "expanded_url": "https://twitter.com/rosscomdev/status/1202134002410196993/photo/1", "type": "photo", "sizes": {"thumb": {"w": 150, "h": 150, "resize": "crop"}, "small": {"w": 680, "h": 510, "resize": "fit"}, "medium": {"w": 1200, "h": 900, "resize": "fit"}, "large": {"w": 2048, "h": 1536, "resize": "fit"}}}]}, "extended_entities": {"media": [{"id": 1202133986685808645, "id_str": "1202133986685808645", "indices": [34, 57], "media_url": "http://pbs.twimg.com/media/EK7WfeDU8AUzJV_.jpg", "media_url_https": "https://pbs.twimg.com/media/EK7WfeDU8AUzJV_.jpg", "url": "https://t.co/SqIUhbdcxv", "display_url": "pic.twitter.com/SqIUhbdcxv", "expanded_url": "https://twitter.com/rosscomdev/status/1202134002410196993/photo/1", "type": "photo", "sizes": {"thumb": {"w": 150, "h": 150, "resize": "crop"}, "small": {"w": 680, "h": 510, "resize": "fit"}, "medium": {"w": 1200, "h": 900, "resize": "fit"}, "large": {"w": 2048, "h": 1536, "resize": "fit"}}}]}, "metadata": {"iso_language_code": "en", "result_type": "recent"}, "source": "<a href=\"http://twitter.com/download/iphone\" rel=\"nofollow\">Twitter for iPhone</a>", "in_reply_to_status_id": null, "in_reply_to_status_id_str": null, "in_reply_to_user_id": null, "in_reply_to_user_id_str": null, "in_reply_to_screen_name": null, "user": {"id": 879434673021231107, "id_str": "879434673021231107", "name": "Ross Bryan", "screen_name": "rosscomdev", "location": "Rome, Italy", "description": "Communication Specialist. Enjoying reading, writing, and green innovations. A bit of Rome in there too. Views my own!", "url": null, "entities": {"description": {"urls": []}}, "protected": false, "followers_count": 60, "friends_count": 215, "listed_count": 0, "created_at": "Mon Jun 26 20:22:19 +0000 2017", "favourites_count": 592, "utc_offset": null, "time_zone": null, "geo_enabled": true, "verified": false, "statuses_count": 95, "lang": null, "contributors_enabled": false, "is_translator": false, "is_translation_enabled": false, "profile_background_color": "000000", "profile_background_image_url": "http://abs.twimg.com/images/themes/theme1/bg.png", "profile_background_image_url_https": "https://abs.twimg.com/images/themes/theme1/bg.png", "profile_background_tile": false, "profile_image_url": "http://pbs.twimg.com/profile_images/1105536065979510785/RmYURrdA_normal.jpg", "profile_image_url_https": "https://pbs.twimg.com/profile_images/1105536065979510785/RmYURrdA_normal.jpg", "profile_link_color": "1B95E0", "profile_sidebar_border_color": "000000", "profile_sidebar_fill_color": "000000", "profile_text_color": "000000", "profile_use_background_image": false, "has_extended_profile": false, "default_profile": false, "default_profile_image": false, "following": false, "follow_request_sent": false, "notifications": false, "translator_type": "none"}, "geo": null, "coordinates": null, "place": {"id": "0fc267d0ec14f001", "url": "https://api.twitter.com/1.1/geo/id/0fc267d0ec14f001.json", "place_type": "poi", "name": "Angkor Wat (\u17a2\u1784\u17d2\u1782\u179a\u179c\u178f\u17d2\u178f)", "full_name": "Angkor Wat (\u17a2\u1784\u17d2\u1782\u179a\u179c\u178f\u17d2\u178f)", "country_code": "KH", "country": "Cambodia", "contained_within": [], "bounding_box": {"type": "Polygon", "coordinates": [[[103.86698, 13.412478], [103.86698, 13.412478], [103.86698, 13.412478], [103.86698, 13.412478]]]}, "attributes": {}}, "contributors": null, "is_quote_status": false, "retweet_count": 0, "favorite_count": 3, "favorited": false, "retweeted": false, "possibly_sensitive": false, "lang": "en"},{"created_at": "Wed Dec 04 07:17:26 +0000 2019", "id": 1202124737838829568, "id_str": "1202124737838829568", "text": "A letter to December,\n\nDear December,\n\nHow did you find me? @ Angkor Wat Temple-\u1794\u17d2\u179a\u17b6\u179f\u17b6\u1791\u17a2\u1784\u17d2\u1782\u179a\u179c\u178f\u17d2\u178f https://t.co/bXebD5lCjB", "truncated": false, "entities": {"hashtags": [], "symbols": [], "user_mentions": [], "urls": [{"url": "https://t.co/bXebD5lCjB", "expanded_url": "https://www.instagram.com/p/B5pE5pMBC-b/?igshid=11k8zajuarmib", "display_url": "instagram.com/p/B5pE5pMBC-b/\u2026", "indices": [97, 120]}]}, "metadata": {"iso_language_code": "en", "result_type": "recent"}, "source": "<a href=\"http://instagram.com\" rel=\"nofollow\">Instagram</a>", "in_reply_to_status_id": null, "in_reply_to_status_id_str": null, "in_reply_to_user_id": null, "in_reply_to_user_id_str": null, "in_reply_to_screen_name": null, "user": {"id": 93632159, "id_str": "93632159", "name": "\u24e1\u24d0\u24d5", "screen_name": "iamrafespino", "location": "", "description": "", "url": "https://t.co/33d8xOguOH", "entities": {"url": {"urls": [{"url": "https://t.co/33d8xOguOH", "expanded_url": "http://instagram.com/raf.espino", "display_url": "instagram.com/raf.espino", "indices": [0, 23]}]}, "description": {"urls": []}}, "protected": false, "followers_count": 50, "friends_count": 141, "listed_count": 15, "created_at": "Mon Nov 30 13:42:10 +0000 2009", "favourites_count": 1164, "utc_offset": null, "time_zone": null, "geo_enabled": true, "verified": false, "statuses_count": 2870, "lang": null, "contributors_enabled": false, "is_translator": false, "is_translation_enabled": false, "profile_background_color": "BADFCD", "profile_background_image_url": "http://abs.twimg.com/images/themes/theme12/bg.gif", "profile_background_image_url_https": "https://abs.twimg.com/images/themes/theme12/bg.gif", "profile_background_tile": true, "profile_image_url": "http://pbs.twimg.com/profile_images/1181172696865853441/X_3EKPfy_normal.jpg", "profile_image_url_https": "https://pbs.twimg.com/profile_images/1181172696865853441/X_3EKPfy_normal.jpg", "profile_banner_url": "https://pbs.twimg.com/profile_banners/93632159/1564023444", "profile_link_color": "7FDBB6", "profile_sidebar_border_color": "F2E195", "profile_sidebar_fill_color": "FFF7CC", "profile_text_color": "0C3E53", "profile_use_background_image": true, "has_extended_profile": true, "default_profile": false, "default_profile_image": false, "following": false, "follow_request_sent": false, "notifications": false, "translator_type": "none"}, "geo": {"type": "Point", "coordinates": [13.41214202, 103.86697769]}, "coordinates": {"type": "Point", "coordinates": [103.86697769, 13.41214202]}, "place": {"id": "df4a2798d032e321", "url": "https://api.twitter.com/1.1/geo/id/df4a2798d032e321.json", "place_type": "country", "name": "Cambodia", "full_name": "Cambodia", "country_code": "KH", "country": "Cambodia", "contained_within": [], "bounding_box": {"type": "Polygon", "coordinates": [[[102.3336805, 9.9055303], [107.630261, 9.9055303], [107.630261, 14.6912339], [102.3336805, 14.6912339]]]}, "attributes": {}}, "contributors": null, "is_quote_status": false, "retweet_count": 0, "favorite_count": 0, "favorited": false, "retweeted": false, "possibly_sensitive": false, "lang": "en"},{"created_at": "Wed Dec 04 05:41:40 +0000 2019", "id": 1202100635740655616, "id_str": "1202100635740655616", "text": "I'm at Angkor Thom South Gate in Siem Reap https://t.co/WcUho00bDL https://t.co/eocDEHvYqe", "truncated": false, "entities": {"hashtags": [], "symbols": [], "user_mentions": [], "urls": [{"url": "https://t.co/WcUho00bDL", "expanded_url": "https://www.swarmapp.com/c/gnUNOBEMWoY", "display_url": "swarmapp.com/c/gnUNOBEMWoY", "indices": [43, 66]}], "media": [{"id": 1202100632615825408, "id_str": "1202100632615825408", "indices": [67, 90], "media_url": "http://pbs.twimg.com/media/EK64KAdWsAAca8n.jpg", "media_url_https": "https://pbs.twimg.com/media/EK64KAdWsAAca8n.jpg", "url": "https://t.co/eocDEHvYqe", "display_url": "pic.twitter.com/eocDEHvYqe", "expanded_url": "https://twitter.com/aikatsu_kissc/status/1202100635740655616/photo/1", "type": "photo", "sizes": {"thumb": {"w": 150, "h": 150, "resize": "crop"}, "large": {"w": 1440, "h": 1920, "resize": "fit"}, "medium": {"w": 900, "h": 1200, "resize": "fit"}, "small": {"w": 510, "h": 680, "resize": "fit"}}}]}, "extended_entities": {"media": [{"id": 1202100632615825408, "id_str": "1202100632615825408", "indices": [67, 90], "media_url": "http://pbs.twimg.com/media/EK64KAdWsAAca8n.jpg", "media_url_https": "https://pbs.twimg.com/media/EK64KAdWsAAca8n.jpg", "url": "https://t.co/eocDEHvYqe", "display_url": "pic.twitter.com/eocDEHvYqe", "expanded_url": "https://twitter.com/aikatsu_kissc/status/1202100635740655616/photo/1", "type": "photo", "sizes": {"thumb": {"w": 150, "h": 150, "resize": "crop"}, "large": {"w": 1440, "h": 1920, "resize": "fit"}, "medium": {"w": 900, "h": 1200, "resize": "fit"}, "small": {"w": 510, "h": 680, "resize": "fit"}}}]}, "metadata": {"iso_language_code": "en", "result_type": "recent"}, "source": "<a href=\"https://www.swarmapp.com\" rel=\"nofollow\">Foursquare Swarm</a>", "in_reply_to_status_id": null, "in_reply_to_status_id_str": null, "in_reply_to_user_id": null, "in_reply_to_user_id_str": null, "in_reply_to_screen_name": null, "user": {"id": 947648255046729728, "id_str": "947648255046729728", "name": "\u304d\u3063\u3057\u30fc\u00a9\ufe0e\u571f\u66dc\u65e5 \u5357\u30c8-34b", "screen_name": "aikatsu_kissc", "location": "\u30b9\u30bf\u30fc\u30cf\u30fc\u30e2\u30cb\u30fc\u5b66\u5712", "description": "@kissc \u304a\u3058\u3055\u3093\u2642\u306eDCD\u30a2\u30a4\u30ab\u30c4 https://t.co/i1D8Jzi9DI \u3068\u304b\u3001\u5e74\u306b2\u56de\u51fa\u3066\u304f\u308b\u540c\u4eba\u5c0f\u8aac(\u3059\u3051\u3079\u3082\u3042\u308b)\u306b\u8208\u5473\u304c\u3042\u308b\u4eba\u5411\u3051\u30a2\u30ab\u30a6\u30f3\u30e8 \u30d8\u30c3\u30c0: @3824deko \u300cSEVEN SEAS LOGBOOK\u300d\u8868\u7d19\u3088\u308a", "url": "https://t.co/APpFwDYch8", "entities": {"url": {"urls": [{"url": "https://t.co/APpFwDYch8", "expanded_url": "https://pixiv.me/kissc", "display_url": "pixiv.me/kissc", "indices": [0, 23]}]}, "description": {"urls": [{"url": "https://t.co/i1D8Jzi9DI", "expanded_url": "https://is.gd/8UjBNo", "display_url": "is.gd/8UjBNo", "indices": [21, 44]}]}}, "protected": false, "followers_count": 323, "friends_count": 250, "listed_count": 10, "created_at": "Mon Jan 01 01:58:45 +0000 2018", "favourites_count": 3089, "utc_offset": null, "time_zone": null, "geo_enabled": true, "verified": false, "statuses_count": 10353, "lang": null, "contributors_enabled": false, "is_translator": false, "is_translation_enabled": false, "profile_background_color": "000000", "profile_background_image_url": "http://abs.twimg.com/images/themes/theme1/bg.png", "profile_background_image_url_https": "https://abs.twimg.com/images/themes/theme1/bg.png", "profile_background_tile": false, "profile_image_url": "http://pbs.twimg.com/profile_images/1180819601774395392/y5mToyfQ_normal.jpg", "profile_image_url_https": "https://pbs.twimg.com/profile_images/1180819601774395392/y5mToyfQ_normal.jpg", "profile_banner_url": "https://pbs.twimg.com/profile_banners/947648255046729728/1563461631", "profile_link_color": "FF691F", "profile_sidebar_border_color": "000000", "profile_sidebar_fill_color": "000000", "profile_text_color": "000000", "profile_use_background_image": false, "has_extended_profile": true, "default_profile": false, "default_profile_image": false, "following": false, "follow_request_sent": false, "notifications": false, "translator_type": "none"}, "geo": {"type": "Point", "coordinates": [13.42806027, 103.8595821]}, "coordinates": {"type": "Point", "coordinates": [103.8595821, 13.42806027]}, "place": {"id": "df4a2798d032e321", "url": "https://api.twitter.com/1.1/geo/id/df4a2798d032e321.json", "place_type": "country", "name": "Cambodia", "full_name": "Cambodia", "country_code": "KH", "country": "Cambodia", "contained_within": [], "bounding_box": {"type": "Polygon", "coordinates": [[[102.3336805, 9.9055303], [107.630261, 9.9055303], [107.630261, 14.6912339], [102.3336805, 14.6912339]]]}, "attributes": {}}, "contributors": null, "is_quote_status": false, "retweet_count": 0, "favorite_count": 0, "favorited": false, "retweeted": false, "possibly_sensitive": false, "lang": "en"}]