[{"created_at": "Tue Dec 10 02:33:28 +0000 2019", "id": 1204227603231625216, "id_str": "1204227603231625216", "text": "RT @RicardoNature: Behind the scenes with Wild In the City.\n\nPeregrines falcons have been spotted nesting near some of the world\u2019s most fam\u2026", "truncated": false, "entities": {"hashtags": [], "symbols": [], "user_mentions": [{"screen_name": "RicardoNature", "name": "Ricardo Rocha", "id": 1960368258, "id_str": "1960368258", "indices": [3, 17]}], "urls": []}, "metadata": {"iso_language_code": "en", "result_type": "recent"}, "source": "<a href=\"http://twitter.com/download/iphone\" rel=\"nofollow\">Twitter for iPhone</a>", "in_reply_to_status_id": null, "in_reply_to_status_id_str": null, "in_reply_to_user_id": null, "in_reply_to_user_id_str": null, "in_reply_to_screen_name": null, "user": {"id": 1156074160327659520, "id_str": "1156074160327659520", "name": "Leo R. Douglas", "screen_name": "leo_r_douglas", "location": "", "description": "Faculty & Researcher in Conservation Science. Works @NYU_LS. Passions: @Birdlifejamaica @BirdsCaribbean", "url": null, "entities": {"description": {"urls": []}}, "protected": false, "followers_count": 141, "friends_count": 172, "listed_count": 0, "created_at": "Tue Jul 30 05:28:53 +0000 2019", "favourites_count": 1184, "utc_offset": null, "time_zone": null, "geo_enabled": false, "verified": false, "statuses_count": 246, "lang": null, "contributors_enabled": false, "is_translator": false, "is_translation_enabled": false, "profile_background_color": "F5F8FA", "profile_background_image_url": null, "profile_background_image_url_https": null, "profile_background_tile": false, "profile_image_url": "http://pbs.twimg.com/profile_images/1188256281775263744/mKr1QnAQ_normal.jpg", "profile_image_url_https": "https://pbs.twimg.com/profile_images/1188256281775263744/mKr1QnAQ_normal.jpg", "profile_banner_url": "https://pbs.twimg.com/profile_banners/1156074160327659520/1573751139", "profile_link_color": "1DA1F2", "profile_sidebar_border_color": "C0DEED", "profile_sidebar_fill_color": "DDEEF6", "profile_text_color": "333333", "profile_use_background_image": true, "has_extended_profile": false, "default_profile": true, "default_profile_image": false, "following": false, "follow_request_sent": false, "notifications": false, "translator_type": "none"}, "geo": null, "coordinates": null, "place": null, "contributors": null, "retweeted_status": {"created_at": "Tue Dec 10 00:09:55 +0000 2019", "id": 1204191476034523138, "id_str": "1204191476034523138", "text": "Behind the scenes with Wild In the City.\n\nPeregrines falcons have been spotted nesting near some of the world\u2019s mos\u2026 https://t.co/CDJ5yJhsbF", "truncated": true, "entities": {"hashtags": [], "symbols": [], "user_mentions": [], "urls": [{"url": "https://t.co/CDJ5yJhsbF", "expanded_url": "https://twitter.com/i/web/status/1204191476034523138", "display_url": "twitter.com/i/web/status/1\u2026", "indices": [117, 140]}]}, "metadata": {"iso_language_code": "en", "result_type": "recent"}, "source": "<a href=\"https://mobile.twitter.com\" rel=\"nofollow\">Twitter Web App</a>", "in_reply_to_status_id": null, "in_reply_to_status_id_str": null, "in_reply_to_user_id": null, "in_reply_to_user_id_str": null, "in_reply_to_screen_name": null, "user": {"id": 1960368258, "id_str": "1960368258", "name": "Ricardo Rocha", "screen_name": "RicardoNature", "location": "Funchal | Lisbon | London", "description": "Tropical ecologist with an holistic interest in conservation\nBorn & raised in the sub-tropical island of Madeira\nAdvocate for Equity, Diversity & Inclusion\n\ud83e\udd87", "url": "https://t.co/rZ1LhLzibh", "entities": {"url": {"urls": [{"url": "https://t.co/rZ1LhLzibh", "expanded_url": "http://www.r-rocha.com", "display_url": "r-rocha.com", "indices": [0, 23]}]}, "description": {"urls": []}}, "protected": false, "followers_count": 2502, "friends_count": 2929, "listed_count": 62, "created_at": "Mon Oct 14 10:15:58 +0000 2013", "favourites_count": 9233, "utc_offset": null, "time_zone": null, "geo_enabled": true, "verified": false, "statuses_count": 7157, "lang": null, "contributors_enabled": false, "is_translator": false, "is_translation_enabled": false, "profile_background_color": "ACDED6", "profile_background_image_url": "http://abs.twimg.com/images/themes/theme18/bg.gif", "profile_background_image_url_https": "https://abs.twimg.com/images/themes/theme18/bg.gif", "profile_background_tile": false, "profile_image_url": "http://pbs.twimg.com/profile_images/378800000594783947/ddbc5861bec153d3b7e40cc1c8fa8b3b_normal.jpeg", "profile_image_url_https": "https://pbs.twimg.com/profile_images/378800000594783947/ddbc5861bec153d3b7e40cc1c8fa8b3b_normal.jpeg", "profile_banner_url": "https://pbs.twimg.com/profile_banners/1960368258/1403197188", "profile_link_color": "038543", "profile_sidebar_border_color": "EEEEEE", "profile_sidebar_fill_color": "F6F6F6", "profile_text_color": "333333", "profile_use_background_image": true, "has_extended_profile": false, "default_profile": false, "default_profile_image": false, "following": false, "follow_request_sent": false, "notifications": false, "translator_type": "none"}, "geo": null, "coordinates": null, "place": null, "contributors": null, "is_quote_status": false, "retweet_count": 1, "favorite_count": 9, "favorited": false, "retweeted": false, "possibly_sensitive": false, "lang": "en"}, "is_quote_status": false, "retweet_count": 1, "favorite_count": 0, "favorited": false, "retweeted": false, "lang": "en"},{"created_at": "Tue Dec 10 00:09:55 +0000 2019", "id": 1204191476034523138, "id_str": "1204191476034523138", "text": "Behind the scenes with Wild In the City.\n\nPeregrines falcons have been spotted nesting near some of the world\u2019s mos\u2026 https://t.co/CDJ5yJhsbF", "truncated": true, "entities": {"hashtags": [], "symbols": [], "user_mentions": [], "urls": [{"url": "https://t.co/CDJ5yJhsbF", "expanded_url": "https://twitter.com/i/web/status/1204191476034523138", "display_url": "twitter.com/i/web/status/1\u2026", "indices": [117, 140]}]}, "metadata": {"iso_language_code": "en", "result_type": "recent"}, "source": "<a href=\"https://mobile.twitter.com\" rel=\"nofollow\">Twitter Web App</a>", "in_reply_to_status_id": null, "in_reply_to_status_id_str": null, "in_reply_to_user_id": null, "in_reply_to_user_id_str": null, "in_reply_to_screen_name": null, "user": {"id": 1960368258, "id_str": "1960368258", "name": "Ricardo Rocha", "screen_name": "RicardoNature", "location": "Funchal | Lisbon | London", "description": "Tropical ecologist with an holistic interest in conservation\nBorn & raised in the sub-tropical island of Madeira\nAdvocate for Equity, Diversity & Inclusion\n\ud83e\udd87", "url": "https://t.co/rZ1LhLzibh", "entities": {"url": {"urls": [{"url": "https://t.co/rZ1LhLzibh", "expanded_url": "http://www.r-rocha.com", "display_url": "r-rocha.com", "indices": [0, 23]}]}, "description": {"urls": []}}, "protected": false, "followers_count": 2502, "friends_count": 2929, "listed_count": 62, "created_at": "Mon Oct 14 10:15:58 +0000 2013", "favourites_count": 9233, "utc_offset": null, "time_zone": null, "geo_enabled": true, "verified": false, "statuses_count": 7157, "lang": null, "contributors_enabled": false, "is_translator": false, "is_translation_enabled": false, "profile_background_color": "ACDED6", "profile_background_image_url": "http://abs.twimg.com/images/themes/theme18/bg.gif", "profile_background_image_url_https": "https://abs.twimg.com/images/themes/theme18/bg.gif", "profile_background_tile": false, "profile_image_url": "http://pbs.twimg.com/profile_images/378800000594783947/ddbc5861bec153d3b7e40cc1c8fa8b3b_normal.jpeg", "profile_image_url_https": "https://pbs.twimg.com/profile_images/378800000594783947/ddbc5861bec153d3b7e40cc1c8fa8b3b_normal.jpeg", "profile_banner_url": "https://pbs.twimg.com/profile_banners/1960368258/1403197188", "profile_link_color": "038543", "profile_sidebar_border_color": "EEEEEE", "profile_sidebar_fill_color": "F6F6F6", "profile_text_color": "333333", "profile_use_background_image": true, "has_extended_profile": false, "default_profile": false, "default_profile_image": false, "following": false, "follow_request_sent": false, "notifications": false, "translator_type": "none"}, "geo": null, "coordinates": null, "place": null, "contributors": null, "is_quote_status": false, "retweet_count": 1, "favorite_count": 9, "favorited": false, "retweeted": false, "possibly_sensitive": false, "lang": "en"},{"created_at": "Mon Dec 09 13:33:15 +0000 2019", "id": 1204031255878262785, "id_str": "1204031255878262785", "text": "Looking to take your spring break beyond the beach, Barcelona pairs warm spring weather with rich culture and histo\u2026 https://t.co/Q0UdV9Eap7", "truncated": true, "entities": {"hashtags": [], "symbols": [], "user_mentions": [], "urls": [{"url": "https://t.co/Q0UdV9Eap7", "expanded_url": "https://twitter.com/i/web/status/1204031255878262785", "display_url": "twitter.com/i/web/status/1\u2026", "indices": [117, 140]}]}, "metadata": {"iso_language_code": "en", "result_type": "recent"}, "source": "<a href=\"https://ifttt.com\" rel=\"nofollow\">IFTTT</a>", "in_reply_to_status_id": null, "in_reply_to_status_id_str": null, "in_reply_to_user_id": null, "in_reply_to_user_id_str": null, "in_reply_to_screen_name": null, "user": {"id": 972393543070289920, "id_str": "972393543070289920", "name": "MWK Vacations", "screen_name": "MWKVacations", "location": "Asheville, NC", "description": "Your Travel Advisor making travel dreams a reality! An Independent Affiliate of KHM Travel Group. \nEmail: info@mwkvacations.com", "url": "https://t.co/VpPB2dNxSD", "entities": {"url": {"urls": [{"url": "https://t.co/VpPB2dNxSD", "expanded_url": "http://www.mwkvacations.com", "display_url": "mwkvacations.com", "indices": [0, 23]}]}, "description": {"urls": []}}, "protected": false, "followers_count": 49, "friends_count": 100, "listed_count": 0, "created_at": "Sat Mar 10 08:47:41 +0000 2018", "favourites_count": 1745, "utc_offset": null, "time_zone": null, "geo_enabled": false, "verified": false, "statuses_count": 2017, "lang": null, "contributors_enabled": false, "is_translator": false, "is_translation_enabled": false, "profile_background_color": "000000", "profile_background_image_url": "http://abs.twimg.com/images/themes/theme1/bg.png", "profile_background_image_url_https": "https://abs.twimg.com/images/themes/theme1/bg.png", "profile_background_tile": false, "profile_image_url": "http://pbs.twimg.com/profile_images/1106381155354464258/z-Q3d2Up_normal.jpg", "profile_image_url_https": "https://pbs.twimg.com/profile_images/1106381155354464258/z-Q3d2Up_normal.jpg", "profile_banner_url": "https://pbs.twimg.com/profile_banners/972393543070289920/1571248594", "profile_link_color": "1B95E0", "profile_sidebar_border_color": "000000", "profile_sidebar_fill_color": "000000", "profile_text_color": "000000", "profile_use_background_image": false, "has_extended_profile": false, "default_profile": false, "default_profile_image": false, "following": false, "follow_request_sent": false, "notifications": false, "translator_type": "none"}, "geo": null, "coordinates": null, "place": null, "contributors": null, "is_quote_status": false, "retweet_count": 0, "favorite_count": 0, "favorited": false, "retweeted": false, "possibly_sensitive": false, "lang": "en"}]