"Paris, France",Eiffel Tower,Landmark,48.8584,2.2945
"Cairo, Egypt",Great Pyramid of Giza,Landmark,29.9792,31.1342
"Rome, Italy",Colosseum,Landmark,41.8902,12.4922
Peru,Machu Picchu,Landmark,-13.163068,-72.545128
"New York, USA
",Statue of Liberty,Landmark,40.6892,-74.0445
"Angkor, Cambodia",Angkor Wat,Religious,13.4125,103.867
"Hiroshima, Japan",Hiroshima Peace Memorial,Memorial,34.3955,132.4512
"Washington DC, USA
",Martin Luther King Jr. Memorial,Memorial,38.8862,-77.044234
"Zambezi River, Zimbabwe and Zambia",Victoria Falls,Nature,-17.924444,25.8572
"Cape Town, South Africa",Table Mountain National Park,Nature,-33.918861,18.4233
"NYC, USA",9/11 Memorial Museum,Memorial,40.7115,-74.012725
"Barcelona, Spain",Sagrada Família church,Religious,41.403664,2.174391
"Dubai, United Arab Emirates",Burj Khalifa,Landmark,25.1972,55.2744
Poland,"Auschwitz-Birkenau State Museum, Poland",Landmark,50.0348,19.1737
"Sydney, Australia",Sydney Opera House,Landmark,-33.856159,151.215256
"Agra, India",Taj Mahal,Landmark,27.173891,78.042068
"Havana, Cuba",Old Havana,Landmark,23.113592,-82.366592
"San Francisco, USA",Golden Gate Bridge,Landmark,37.8185,-122.4783
"Moscow, Russia",Saint Basil's Cathedral,Religious,55.7525,37.6231
"Yellowstone, USA",Yellowstone National Park,Nature,44.428,-110.5885