[{"created_at": "Wed Dec 11 21:07:59 +0000 2019", "id": 1204870465589776384, "id_str": "1204870465589776384", "text": "Today was hard, especially seeing tons of shoes and hair, that filled up halls and plenty more shocking sights incl\u2026 https://t.co/OtQ0iBJeAi", "truncated": true, "entities": {"hashtags": [], "symbols": [], "user_mentions": [], "urls": [{"url": "https://t.co/OtQ0iBJeAi", "expanded_url": "https://twitter.com/i/web/status/1204870465589776384", "display_url": "twitter.com/i/web/status/1\u2026", "indices": [117, 140]}]}, "metadata": {"iso_language_code": "en", "result_type": "recent"}, "source": "<a href=\"http://twitter.com/download/iphone\" rel=\"nofollow\">Twitter for iPhone</a>", "in_reply_to_status_id": null, "in_reply_to_status_id_str": null, "in_reply_to_user_id": null, "in_reply_to_user_id_str": null, "in_reply_to_screen_name": null, "user": {"id": 514149669, "id_str": "514149669", "name": "Laura", "screen_name": "Laurapasquale_2", "location": "Hastings, England", "description": "UK 18| Sims4 gamer\ud83d\udc9aTwilight \u2022 Anime\uff61\u25d5\u203f\u25d5\uff61 TWD \u2022 User ID: GamerLozza1 \ud83d\udc9c #peachsquad", "url": null, "entities": {"description": {"urls": []}}, "protected": false, "followers_count": 243, "friends_count": 429, "listed_count": 2, "created_at": "Sun Mar 04 09:32:49 +0000 2012", "favourites_count": 911, "utc_offset": null, "time_zone": null, "geo_enabled": true, "verified": false, "statuses_count": 293, "lang": null, "contributors_enabled": false, "is_translator": false, "is_translation_enabled": false, "profile_background_color": "ACDED6", "profile_background_image_url": "http://abs.twimg.com/images/themes/theme18/bg.gif", "profile_background_image_url_https": "https://abs.twimg.com/images/themes/theme18/bg.gif", "profile_background_tile": true, "profile_image_url": "http://pbs.twimg.com/profile_images/1186662893879808000/sQK9fIY__normal.jpg", "profile_image_url_https": "https://pbs.twimg.com/profile_images/1186662893879808000/sQK9fIY__normal.jpg", "profile_banner_url": "https://pbs.twimg.com/profile_banners/514149669/1572206218", "profile_link_color": "038543", "profile_sidebar_border_color": "FFFFFF", "profile_sidebar_fill_color": "F6F6F6", "profile_text_color": "333333", "profile_use_background_image": true, "has_extended_profile": false, "default_profile": false, "default_profile_image": false, "following": false, "follow_request_sent": false, "notifications": false, "translator_type": "none"}, "geo": null, "coordinates": null, "place": {"id": "0fc28582b595b000", "url": "https://api.twitter.com/1.1/geo/id/0fc28582b595b000.json", "place_type": "poi", "name": "Auschwitz II - Terrain of the Former Birkenau Camp", "full_name": "Auschwitz II - Terrain of the Former Birkenau Camp", "country_code": "PL", "country": "Poland", "contained_within": [], "bounding_box": {"type": "Polygon", "coordinates": [[[19.18097870239107, 50.034679225706064], [19.18097870239107, 50.034679225706064], [19.18097870239107, 50.034679225706064], [19.18097870239107, 50.034679225706064]]]}, "attributes": {}}, "contributors": null, "is_quote_status": false, "retweet_count": 0, "favorite_count": 5, "favorited": false, "retweeted": false, "possibly_sensitive": false, "lang": "en"},{"created_at": "Sun Dec 08 16:19:07 +0000 2019", "id": 1203710609616973831, "id_str": "1203710609616973831", "text": "#shoes #auschwitz #auschwitzmemorial @ Aushwitz - Birkenau concentration camp https://t.co/chGUz92ABj", "truncated": false, "entities": {"hashtags": [{"text": "shoes", "indices": [0, 6]}, {"text": "auschwitz", "indices": [7, 17]}, {"text": "auschwitzmemorial", "indices": [18, 36]}], "symbols": [], "user_mentions": [], "urls": [{"url": "https://t.co/chGUz92ABj", "expanded_url": "https://www.instagram.com/p/B50VdD4iapo/?igshid=y2ozpu7able3", "display_url": "instagram.com/p/B50VdD4iapo/\u2026", "indices": [78, 101]}]}, "metadata": {"iso_language_code": "en", "result_type": "recent"}, "source": "<a href=\"http://instagram.com\" rel=\"nofollow\">Instagram</a>", "in_reply_to_status_id": null, "in_reply_to_status_id_str": null, "in_reply_to_user_id": null, "in_reply_to_user_id_str": null, "in_reply_to_screen_name": null, "user": {"id": 34573077, "id_str": "34573077", "name": "Guglielmo de Micheli", "screen_name": "gdemicheli", "location": "Florence, Italy", "description": "Fotografo per Signora", "url": "http://t.co/57SlvYTrv7", "entities": {"url": {"urls": [{"url": "http://t.co/57SlvYTrv7", "expanded_url": "http://de-micheli.com", "display_url": "de-micheli.com", "indices": [0, 22]}]}, "description": {"urls": []}}, "protected": false, "followers_count": 149, "friends_count": 159, "listed_count": 27, "created_at": "Thu Apr 23 09:19:21 +0000 2009", "favourites_count": 61, "utc_offset": null, "time_zone": null, "geo_enabled": true, "verified": false, "statuses_count": 1258, "lang": null, "contributors_enabled": false, "is_translator": false, "is_translation_enabled": false, "profile_background_color": "C0DEED", "profile_background_image_url": "http://abs.twimg.com/images/themes/theme1/bg.png", "profile_background_image_url_https": "https://abs.twimg.com/images/themes/theme1/bg.png", "profile_background_tile": false, "profile_image_url": "http://pbs.twimg.com/profile_images/178272307/n801249410_836434_6382_normal.jpg", "profile_image_url_https": "https://pbs.twimg.com/profile_images/178272307/n801249410_836434_6382_normal.jpg", "profile_link_color": "1DA1F2", "profile_sidebar_border_color": "C0DEED", "profile_sidebar_fill_color": "DDEEF6", "profile_text_color": "333333", "profile_use_background_image": true, "has_extended_profile": false, "default_profile": true, "default_profile_image": false, "following": false, "follow_request_sent": false, "notifications": false, "translator_type": "none"}, "geo": {"type": "Point", "coordinates": [50.03515537, 19.18245717]}, "coordinates": {"type": "Point", "coordinates": [19.18245717, 50.03515537]}, "place": {"id": "a9adec1c79f64a2e", "url": "https://api.twitter.com/1.1/geo/id/a9adec1c79f64a2e.json", "place_type": "city", "name": "O\u015bwi\u0119cim gmina", "full_name": "O\u015bwi\u0119cim gmina, Polska", "country_code": "PL", "country": "Poland", "contained_within": [], "bounding_box": {"type": "Polygon", "coordinates": [[[19.1291345, 49.9613131], [19.3564865, 49.9613131], [19.3564865, 50.0677681], [19.1291345, 50.0677681]]]}, "attributes": {}}, "contributors": null, "is_quote_status": false, "retweet_count": 0, "favorite_count": 0, "favorited": false, "retweeted": false, "possibly_sensitive": false, "lang": "en"},{"created_at": "Sun Dec 08 14:55:17 +0000 2019", "id": 1203689509306716161, "id_str": "1203689509306716161", "text": "Another trip ticked off the list. What an experience, things that went on in the past should never be forgotten.\u2026 https://t.co/szbkNoSQsw", "truncated": true, "entities": {"hashtags": [], "symbols": [], "user_mentions": [], "urls": [{"url": "https://t.co/szbkNoSQsw", "expanded_url": "https://twitter.com/i/web/status/1203689509306716161", "display_url": "twitter.com/i/web/status/1\u2026", "indices": [114, 137]}]}, "metadata": {"iso_language_code": "en", "result_type": "recent"}, "source": "<a href=\"http://twitter.com/download/iphone\" rel=\"nofollow\">Twitter for iPhone</a>", "in_reply_to_status_id": null, "in_reply_to_status_id_str": null, "in_reply_to_user_id": null, "in_reply_to_user_id_str": null, "in_reply_to_screen_name": null, "user": {"id": 394840987, "id_str": "394840987", "name": "Rhys Edwards", "screen_name": "RhysTheFarm", "location": "Glynogwr, South Wales", "description": "\ud83c\udff4\udb40\udc67\udb40\udc62\udb40\udc77\udb40\udc6c\udb40\udc73\udb40\udc7f sheep farmer, #Ramcompare & #grasscheckGB farm, Electrician, Our Welsh Caravan & Camping, Hydro Generator & Ground Source Heating", "url": "https://t.co/F0TI0It4hJ", "entities": {"url": {"urls": [{"url": "https://t.co/F0TI0It4hJ", "expanded_url": "http://www.facebook.com/ourwelsh", "display_url": "facebook.com/ourwelsh", "indices": [0, 23]}]}, "description": {"urls": []}}, "protected": false, "followers_count": 1065, "friends_count": 441, "listed_count": 5, "created_at": "Thu Oct 20 18:19:04 +0000 2011", "favourites_count": 1866, "utc_offset": null, "time_zone": null, "geo_enabled": true, "verified": false, "statuses_count": 1149, "lang": null, "contributors_enabled": false, "is_translator": false, "is_translation_enabled": false, "profile_background_color": "C0DEED", "profile_background_image_url": "http://abs.twimg.com/images/themes/theme1/bg.png", "profile_background_image_url_https": "https://abs.twimg.com/images/themes/theme1/bg.png", "profile_background_tile": false, "profile_image_url": "http://pbs.twimg.com/profile_images/1166469474679214080/dFDf7ZGO_normal.jpg", "profile_image_url_https": "https://pbs.twimg.com/profile_images/1166469474679214080/dFDf7ZGO_normal.jpg", "profile_banner_url": "https://pbs.twimg.com/profile_banners/394840987/1559945861", "profile_link_color": "1DA1F2", "profile_sidebar_border_color": "C0DEED", "profile_sidebar_fill_color": "DDEEF6", "profile_text_color": "333333", "profile_use_background_image": true, "has_extended_profile": true, "default_profile": true, "default_profile_image": false, "following": false, "follow_request_sent": false, "notifications": false, "translator_type": "none"}, "geo": null, "coordinates": null, "place": {"id": "0fc28582b595b000", "url": "https://api.twitter.com/1.1/geo/id/0fc28582b595b000.json", "place_type": "poi", "name": "Auschwitz II - Terrain of the Former Birkenau Camp", "full_name": "Auschwitz II - Terrain of the Former Birkenau Camp", "country_code": "PL", "country": "Poland", "contained_within": [], "bounding_box": {"type": "Polygon", "coordinates": [[[19.18097870239107, 50.034679225706064], [19.18097870239107, 50.034679225706064], [19.18097870239107, 50.034679225706064], [19.18097870239107, 50.034679225706064]]]}, "attributes": {}}, "contributors": null, "is_quote_status": false, "retweet_count": 1, "favorite_count": 12, "favorited": false, "retweeted": false, "possibly_sensitive": false, "lang": "en"},{"created_at": "Sun Dec 08 13:32:01 +0000 2019", "id": 1203668554236616708, "id_str": "1203668554236616708", "text": "Aushwitz \ud83d\udd6f\ud83c\uddf5\ud83c\uddf1#polonia #worldwar2 #aushwitzconcentrationcamp en Aushwitz - Birkenau concentration camp https://t.co/5t37eKBq7k", "truncated": false, "entities": {"hashtags": [{"text": "polonia", "indices": [12, 20]}, {"text": "worldwar2", "indices": [21, 31]}, {"text": "aushwitzconcentrationcamp", "indices": [32, 58]}], "symbols": [], "user_mentions": [], "urls": [{"url": "https://t.co/5t37eKBq7k", "expanded_url": "https://www.instagram.com/p/B50C7mpIJg_/?igshid=3ja5q3sdrw2u", "display_url": "instagram.com/p/B50C7mpIJg_/\u2026", "indices": [101, 124]}]}, "metadata": {"iso_language_code": "en", "result_type": "recent"}, "source": "<a href=\"http://instagram.com\" rel=\"nofollow\">Instagram</a>", "in_reply_to_status_id": null, "in_reply_to_status_id_str": null, "in_reply_to_user_id": null, "in_reply_to_user_id_str": null, "in_reply_to_screen_name": null, "user": {"id": 318074347, "id_str": "318074347", "name": "Marc Soler", "screen_name": "WaterMarc10", "location": "Sabadell, Barcelona", "description": "\ud83d\udccdSabadell / Manresa \ud83c\udf93Administraci\u00f3n y Finanzas \ud83d\udcdaADE Tecnol\u00f3gico, la Salle BCN \ud83e\udd3d\ud83c\udffc\u200d\u2642\ufe0fExjugador Club Nataci\u00f3n Sabadell \ud83d\udc68\ud83c\udffd\u200d\ud83d\udcbbManalbens Economistas \ud83d\udcf7\ud83c\udf0dGopro", "url": "https://t.co/IeZtvKZdPr", "entities": {"url": {"urls": [{"url": "https://t.co/IeZtvKZdPr", "expanded_url": "http://www.facebook.com/marcsoler", "display_url": "facebook.com/marcsoler", "indices": [0, 23]}]}, "description": {"urls": []}}, "protected": false, "followers_count": 378, "friends_count": 407, "listed_count": 15, "created_at": "Wed Jun 15 22:48:43 +0000 2011", "favourites_count": 545, "utc_offset": null, "time_zone": null, "geo_enabled": true, "verified": false, "statuses_count": 2696, "lang": null, "contributors_enabled": false, "is_translator": false, "is_translation_enabled": false, "profile_background_color": "C0DEED", "profile_background_image_url": "http://abs.twimg.com/images/themes/theme1/bg.png", "profile_background_image_url_https": "https://abs.twimg.com/images/themes/theme1/bg.png", "profile_background_tile": false, "profile_image_url": "http://pbs.twimg.com/profile_images/1551798371/image_normal.jpg", "profile_image_url_https": "https://pbs.twimg.com/profile_images/1551798371/image_normal.jpg", "profile_banner_url": "https://pbs.twimg.com/profile_banners/318074347/1348583328", "profile_link_color": "1DA1F2", "profile_sidebar_border_color": "C0DEED", "profile_sidebar_fill_color": "DDEEF6", "profile_text_color": "333333", "profile_use_background_image": true, "has_extended_profile": true, "default_profile": true, "default_profile_image": false, "following": false, "follow_request_sent": false, "notifications": false, "translator_type": "none"}, "geo": {"type": "Point", "coordinates": [50.03515537, 19.18245717]}, "coordinates": {"type": "Point", "coordinates": [19.18245717, 50.03515537]}, "place": {"id": "a9adec1c79f64a2e", "url": "https://api.twitter.com/1.1/geo/id/a9adec1c79f64a2e.json", "place_type": "city", "name": "O\u015bwi\u0119cim gmina", "full_name": "O\u015bwi\u0119cim gmina, Polska", "country_code": "PL", "country": "Poland", "contained_within": [], "bounding_box": {"type": "Polygon", "coordinates": [[[19.1291345, 49.9613131], [19.3564865, 49.9613131], [19.3564865, 50.0677681], [19.1291345, 50.0677681]]]}, "attributes": {}}, "contributors": null, "is_quote_status": false, "retweet_count": 0, "favorite_count": 0, "favorited": false, "retweeted": false, "possibly_sensitive": false, "lang": "en"},{"created_at": "Thu Dec 05 19:37:19 +0000 2019", "id": 1202673322431000576, "id_str": "1202673322431000576", "text": "#pernondimenticare @ Aushwitz - Birkenau concentration camp https://t.co/stYYPZoulu", "truncated": false, "entities": {"hashtags": [{"text": "pernondimenticare", "indices": [0, 18]}], "symbols": [], "user_mentions": [], "urls": [{"url": "https://t.co/stYYPZoulu", "expanded_url": "https://www.instagram.com/p/B5s-XMWIYir/?igshid=1qqw8jj887650", "display_url": "instagram.com/p/B5s-XMWIYir/\u2026", "indices": [60, 83]}]}, "metadata": {"iso_language_code": "en", "result_type": "recent"}, "source": "<a href=\"http://instagram.com\" rel=\"nofollow\">Instagram</a>", "in_reply_to_status_id": null, "in_reply_to_status_id_str": null, "in_reply_to_user_id": null, "in_reply_to_user_id_str": null, "in_reply_to_screen_name": null, "user": {"id": 199012104, "id_str": "199012104", "name": "erika \ud83d\udc67\ud83c\udffc\ud83e\udd84\ud83c\udf08\ud83e\udd85", "screen_name": "realgassino", "location": "bologna", "description": "#bolognanonsilega", "url": null, "entities": {"description": {"urls": []}}, "protected": false, "followers_count": 142, "friends_count": 849, "listed_count": 16, "created_at": "Tue Oct 05 20:21:31 +0000 2010", "favourites_count": 534, "utc_offset": null, "time_zone": null, "geo_enabled": true, "verified": false, "statuses_count": 1818, "lang": null, "contributors_enabled": false, "is_translator": false, "is_translation_enabled": false, "profile_background_color": "131516", "profile_background_image_url": "http://abs.twimg.com/images/themes/theme1/bg.png", "profile_background_image_url_https": "https://abs.twimg.com/images/themes/theme1/bg.png", "profile_background_tile": true, "profile_image_url": "http://pbs.twimg.com/profile_images/423177930693681152/iV3Ez69H_normal.jpeg", "profile_image_url_https": "https://pbs.twimg.com/profile_images/423177930693681152/iV3Ez69H_normal.jpeg", "profile_banner_url": "https://pbs.twimg.com/profile_banners/199012104/1573935563", "profile_link_color": "3B94D9", "profile_sidebar_border_color": "C0DEED", "profile_sidebar_fill_color": "DDEEF6", "profile_text_color": "333333", "profile_use_background_image": true, "has_extended_profile": true, "default_profile": false, "default_profile_image": false, "following": false, "follow_request_sent": false, "notifications": false, "translator_type": "none"}, "geo": {"type": "Point", "coordinates": [50.03515537, 19.18245717]}, "coordinates": {"type": "Point", "coordinates": [19.18245717, 50.03515537]}, "place": {"id": "a9adec1c79f64a2e", "url": "https://api.twitter.com/1.1/geo/id/a9adec1c79f64a2e.json", "place_type": "city", "name": "O\u015bwi\u0119cim gmina", "full_name": "O\u015bwi\u0119cim gmina, Polska", "country_code": "PL", "country": "Poland", "contained_within": [], "bounding_box": {"type": "Polygon", "coordinates": [[[19.1291345, 49.9613131], [19.3564865, 49.9613131], [19.3564865, 50.0677681], [19.1291345, 50.0677681]]]}, "attributes": {}}, "contributors": null, "is_quote_status": false, "retweet_count": 0, "favorite_count": 0, "favorited": false, "retweeted": false, "possibly_sensitive": false, "lang": "en"},{"created_at": "Wed Dec 04 14:43:56 +0000 2019", "id": 1202237101498089472, "id_str": "1202237101498089472", "text": "Visiting Auschwitz was such a moving experience man I am shook #Auschwitz https://t.co/SG2Wqi0FMp", "truncated": false, "entities": {"hashtags": [{"text": "Auschwitz", "indices": [63, 73]}], "symbols": [], "user_mentions": [], "urls": [], "media": [{"id": 1202237073593380870, "id_str": "1202237073593380870", "indices": [74, 97], "media_url": "http://pbs.twimg.com/media/EK80P6tWsAYuYP2.jpg", "media_url_https": "https://pbs.twimg.com/media/EK80P6tWsAYuYP2.jpg", "url": "https://t.co/SG2Wqi0FMp", "display_url": "pic.twitter.com/SG2Wqi0FMp", "expanded_url": "https://twitter.com/nataliejm97/status/1202237101498089472/photo/1", "type": "photo", "sizes": {"thumb": {"w": 150, "h": 150, "resize": "crop"}, "medium": {"w": 1024, "h": 768, "resize": "fit"}, "small": {"w": 680, "h": 510, "resize": "fit"}, "large": {"w": 1024, "h": 768, "resize": "fit"}}}]}, "extended_entities": {"media": [{"id": 1202237073593380870, "id_str": "1202237073593380870", "indices": [74, 97], "media_url": "http://pbs.twimg.com/media/EK80P6tWsAYuYP2.jpg", "media_url_https": "https://pbs.twimg.com/media/EK80P6tWsAYuYP2.jpg", "url": "https://t.co/SG2Wqi0FMp", "display_url": "pic.twitter.com/SG2Wqi0FMp", "expanded_url": "https://twitter.com/nataliejm97/status/1202237101498089472/photo/1", "type": "photo", "sizes": {"thumb": {"w": 150, "h": 150, "resize": "crop"}, "medium": {"w": 1024, "h": 768, "resize": "fit"}, "small": {"w": 680, "h": 510, "resize": "fit"}, "large": {"w": 1024, "h": 768, "resize": "fit"}}}]}, "metadata": {"iso_language_code": "en", "result_type": "recent"}, "source": "<a href=\"http://twitter.com/download/iphone\" rel=\"nofollow\">Twitter for iPhone</a>", "in_reply_to_status_id": null, "in_reply_to_status_id_str": null, "in_reply_to_user_id": null, "in_reply_to_user_id_str": null, "in_reply_to_screen_name": null, "user": {"id": 1199102304164753408, "id_str": "1199102304164753408", "name": "\ud83c\udf38\u2728Natalie \u2728\ud83c\udf38", "screen_name": "nataliejm97", "location": "", "description": "dirty liberal shitposter", "url": null, "entities": {"description": {"urls": []}}, "protected": false, "followers_count": 24, "friends_count": 172, "listed_count": 0, "created_at": "Mon Nov 25 23:07:32 +0000 2019", "favourites_count": 173, "utc_offset": null, "time_zone": null, "geo_enabled": true, "verified": false, "statuses_count": 584, "lang": null, "contributors_enabled": false, "is_translator": false, "is_translation_enabled": false, "profile_background_color": "F5F8FA", "profile_background_image_url": null, "profile_background_image_url_https": null, "profile_background_tile": false, "profile_image_url": "http://pbs.twimg.com/profile_images/1200523169737650176/RpHezZF-_normal.jpg", "profile_image_url_https": "https://pbs.twimg.com/profile_images/1200523169737650176/RpHezZF-_normal.jpg", "profile_banner_url": "https://pbs.twimg.com/profile_banners/1199102304164753408/1574814641", "profile_link_color": "1DA1F2", "profile_sidebar_border_color": "C0DEED", "profile_sidebar_fill_color": "DDEEF6", "profile_text_color": "333333", "profile_use_background_image": true, "has_extended_profile": true, "default_profile": true, "default_profile_image": false, "following": false, "follow_request_sent": false, "notifications": false, "translator_type": "none"}, "geo": null, "coordinates": null, "place": {"id": "0fc28582b595b000", "url": "https://api.twitter.com/1.1/geo/id/0fc28582b595b000.json", "place_type": "poi", "name": "Auschwitz II - Terrain of the Former Birkenau Camp", "full_name": "Auschwitz II - Terrain of the Former Birkenau Camp", "country_code": "PL", "country": "Poland", "contained_within": [], "bounding_box": {"type": "Polygon", "coordinates": [[[19.18097870239107, 50.034679225706064], [19.18097870239107, 50.034679225706064], [19.18097870239107, 50.034679225706064], [19.18097870239107, 50.034679225706064]]]}, "attributes": {}}, "contributors": null, "is_quote_status": false, "retweet_count": 0, "favorite_count": 0, "favorited": false, "retweeted": false, "possibly_sensitive": true, "lang": "en"},{"created_at": "Wed Dec 04 13:54:04 +0000 2019", "id": 1202224553847603200, "id_str": "1202224553847603200", "text": "@RydeAcademy #RydeBKD - we moved on to Birkenau and the students were shocked by what they saw. https://t.co/BR1bIyecog", "truncated": false, "entities": {"hashtags": [{"text": "RydeBKD", "indices": [13, 21]}], "symbols": [], "user_mentions": [{"screen_name": "RydeAcademy", "name": "Ryde Academy", "id": 744829260, "id_str": "744829260", "indices": [0, 12]}], "urls": [], "media": [{"id": 1202224498424066048, "id_str": "1202224498424066048", "indices": [96, 119], "media_url": "http://pbs.twimg.com/media/EK8oz8jWsAAnsDS.jpg", "media_url_https": "https://pbs.twimg.com/media/EK8oz8jWsAAnsDS.jpg", "url": "https://t.co/BR1bIyecog", "display_url": "pic.twitter.com/BR1bIyecog", "expanded_url": "https://twitter.com/iowhistoryguy/status/1202224553847603200/photo/1", "type": "photo", "sizes": {"thumb": {"w": 150, "h": 150, "resize": "crop"}, "large": {"w": 2048, "h": 1536, "resize": "fit"}, "small": {"w": 680, "h": 510, "resize": "fit"}, "medium": {"w": 1200, "h": 900, "resize": "fit"}}}]}, "extended_entities": {"media": [{"id": 1202224498424066048, "id_str": "1202224498424066048", "indices": [96, 119], "media_url": "http://pbs.twimg.com/media/EK8oz8jWsAAnsDS.jpg", "media_url_https": "https://pbs.twimg.com/media/EK8oz8jWsAAnsDS.jpg", "url": "https://t.co/BR1bIyecog", "display_url": "pic.twitter.com/BR1bIyecog", "expanded_url": "https://twitter.com/iowhistoryguy/status/1202224553847603200/photo/1", "type": "photo", "sizes": {"thumb": {"w": 150, "h": 150, "resize": "crop"}, "large": {"w": 2048, "h": 1536, "resize": "fit"}, "small": {"w": 680, "h": 510, "resize": "fit"}, "medium": {"w": 1200, "h": 900, "resize": "fit"}}}, {"id": 1202224498994487297, "id_str": "1202224498994487297", "indices": [96, 119], "media_url": "http://pbs.twimg.com/media/EK8oz-rWoAEnMpq.jpg", "media_url_https": "https://pbs.twimg.com/media/EK8oz-rWoAEnMpq.jpg", "url": "https://t.co/BR1bIyecog", "display_url": "pic.twitter.com/BR1bIyecog", "expanded_url": "https://twitter.com/iowhistoryguy/status/1202224553847603200/photo/1", "type": "photo", "sizes": {"small": {"w": 510, "h": 680, "resize": "fit"}, "thumb": {"w": 150, "h": 150, "resize": "crop"}, "large": {"w": 1536, "h": 2048, "resize": "fit"}, "medium": {"w": 900, "h": 1200, "resize": "fit"}}}, {"id": 1202224499359436806, "id_str": "1202224499359436806", "indices": [96, 119], "media_url": "http://pbs.twimg.com/media/EK8o0ACXUAYL8zV.jpg", "media_url_https": "https://pbs.twimg.com/media/EK8o0ACXUAYL8zV.jpg", "url": "https://t.co/BR1bIyecog", "display_url": "pic.twitter.com/BR1bIyecog", "expanded_url": "https://twitter.com/iowhistoryguy/status/1202224553847603200/photo/1", "type": "photo", "sizes": {"thumb": {"w": 150, "h": 150, "resize": "crop"}, "small": {"w": 680, "h": 510, "resize": "fit"}, "large": {"w": 2048, "h": 1536, "resize": "fit"}, "medium": {"w": 1200, "h": 900, "resize": "fit"}}}, {"id": 1202224505264975884, "id_str": "1202224505264975884", "indices": [96, 119], "media_url": "http://pbs.twimg.com/media/EK8o0WCWsAw7WbM.jpg", "media_url_https": "https://pbs.twimg.com/media/EK8o0WCWsAw7WbM.jpg", "url": "https://t.co/BR1bIyecog", "display_url": "pic.twitter.com/BR1bIyecog", "expanded_url": "https://twitter.com/iowhistoryguy/status/1202224553847603200/photo/1", "type": "photo", "sizes": {"medium": {"w": 1200, "h": 900, "resize": "fit"}, "small": {"w": 680, "h": 510, "resize": "fit"}, "thumb": {"w": 150, "h": 150, "resize": "crop"}, "large": {"w": 2048, "h": 1536, "resize": "fit"}}}]}, "metadata": {"iso_language_code": "en", "result_type": "recent"}, "source": "<a href=\"http://twitter.com/download/iphone\" rel=\"nofollow\">Twitter for iPhone</a>", "in_reply_to_status_id": null, "in_reply_to_status_id_str": null, "in_reply_to_user_id": 744829260, "in_reply_to_user_id_str": "744829260", "in_reply_to_screen_name": "RydeAcademy", "user": {"id": 626587376, "id_str": "626587376", "name": "Mr P.J. Beverley\ud83c\uddea\ud83c\uddfa", "screen_name": "iowhistoryguy", "location": "Isle of Wight ", "description": "History Teacher | MA | NPQML | Edexcel examiner. Historian, avid reader and keen traveller. #historyteacher at @RydeAcademy - views my own: not my employers.", "url": null, "entities": {"description": {"urls": []}}, "protected": false, "followers_count": 1303, "friends_count": 1579, "listed_count": 28, "created_at": "Wed Jul 04 16:32:10 +0000 2012", "favourites_count": 2248, "utc_offset": null, "time_zone": null, "geo_enabled": true, "verified": false, "statuses_count": 6128, "lang": null, "contributors_enabled": false, "is_translator": false, "is_translation_enabled": false, "profile_background_color": "0A0A0A", "profile_background_image_url": "http://abs.twimg.com/images/themes/theme14/bg.gif", "profile_background_image_url_https": "https://abs.twimg.com/images/themes/theme14/bg.gif", "profile_background_tile": true, "profile_image_url": "http://pbs.twimg.com/profile_images/1201597881305702400/CDDzUFeu_normal.jpg", "profile_image_url_https": "https://pbs.twimg.com/profile_images/1201597881305702400/CDDzUFeu_normal.jpg", "profile_banner_url": "https://pbs.twimg.com/profile_banners/626587376/1575318235", "profile_link_color": "009999", "profile_sidebar_border_color": "000000", "profile_sidebar_fill_color": "EFEFEF", "profile_text_color": "333333", "profile_use_background_image": true, "has_extended_profile": false, "default_profile": false, "default_profile_image": false, "following": false, "follow_request_sent": false, "notifications": false, "translator_type": "none"}, "geo": null, "coordinates": null, "place": {"id": "0fc28582b595b000", "url": "https://api.twitter.com/1.1/geo/id/0fc28582b595b000.json", "place_type": "poi", "name": "Auschwitz II - Terrain of the Former Birkenau Camp", "full_name": "Auschwitz II - Terrain of the Former Birkenau Camp", "country_code": "PL", "country": "Poland", "contained_within": [], "bounding_box": {"type": "Polygon", "coordinates": [[[19.18097870239107, 50.034679225706064], [19.18097870239107, 50.034679225706064], [19.18097870239107, 50.034679225706064], [19.18097870239107, 50.034679225706064]]]}, "attributes": {}}, "contributors": null, "is_quote_status": false, "retweet_count": 0, "favorite_count": 1, "favorited": false, "retweeted": false, "possibly_sensitive": false, "lang": "en"}]