[{"created_at": "Fri Dec 06 20:55:23 +0000 2019", "id": 1203055357305786368, "id_str": "1203055357305786368", "text": "The exhibit is not prurient in any way. It takes place over 3 levels of the museum,&amp; it begins with a sign describi\u2026 https://t.co/f6hEeCfuQU", "truncated": true, "entities": {"hashtags": [], "symbols": [], "user_mentions": [], "urls": [{"url": "https://t.co/f6hEeCfuQU", "expanded_url": "https://twitter.com/i/web/status/1203055357305786368", "display_url": "twitter.com/i/web/status/1\u2026", "indices": [121, 144]}]}, "metadata": {"iso_language_code": "en", "result_type": "recent"}, "source": "<a href=\"http://twitter.com/download/android\" rel=\"nofollow\">Twitter for Android</a>", "in_reply_to_status_id": null, "in_reply_to_status_id_str": null, "in_reply_to_user_id": null, "in_reply_to_user_id_str": null, "in_reply_to_screen_name": null, "user": {"id": 839466994487418880, "id_str": "839466994487418880", "name": "hijinx225", "screen_name": "Phoebejoy1611", "location": "United Kingdom ", "description": "Proud member of \"Do no harm Wales\" Campaigning for patient safety and prevention of bullying of medical professionals in Wales. Whistle blower.", "url": null, "entities": {"description": {"urls": []}}, "protected": false, "followers_count": 8118, "friends_count": 8056, "listed_count": 10, "created_at": "Wed Mar 08 13:25:02 +0000 2017", "favourites_count": 71570, "utc_offset": null, "time_zone": null, "geo_enabled": true, "verified": false, "statuses_count": 41160, "lang": null, "contributors_enabled": false, "is_translator": false, "is_translation_enabled": false, "profile_background_color": "F5F8FA", "profile_background_image_url": null, "profile_background_image_url_https": null, "profile_background_tile": false, "profile_image_url": "http://pbs.twimg.com/profile_images/1057685653348147201/at4cIFdA_normal.jpg", "profile_image_url_https": "https://pbs.twimg.com/profile_images/1057685653348147201/at4cIFdA_normal.jpg", "profile_banner_url": "https://pbs.twimg.com/profile_banners/839466994487418880/1541010062", "profile_link_color": "1DA1F2", "profile_sidebar_border_color": "C0DEED", "profile_sidebar_fill_color": "DDEEF6", "profile_text_color": "333333", "profile_use_background_image": true, "has_extended_profile": true, "default_profile": true, "default_profile_image": false, "following": false, "follow_request_sent": false, "notifications": false, "translator_type": "none"}, "geo": null, "coordinates": null, "place": null, "contributors": null, "is_quote_status": true, "quoted_status_id": 1203049373283897345, "quoted_status_id_str": "1203049373283897345", "quoted_status": {"created_at": "Fri Dec 06 20:31:36 +0000 2019", "id": 1203049373283897345, "id_str": "1203049373283897345", "text": "@AuschwitzMuseum @Phoebejoy1611 @MorawieckiM https://t.co/sMepMueGIL", "truncated": false, "entities": {"hashtags": [], "symbols": [], "user_mentions": [{"screen_name": "AuschwitzMuseum", "name": "Auschwitz Memorial", "id": 586291040, "id_str": "586291040", "indices": [0, 16]}, {"screen_name": "Phoebejoy1611", "name": "hijinx225", "id": 839466994487418880, "id_str": "839466994487418880", "indices": [17, 31]}, {"screen_name": "MorawieckiM", "name": "Mateusz Morawiecki", "id": 939053934232195072, "id_str": "939053934232195072", "indices": [32, 44]}], "urls": [{"url": "https://t.co/sMepMueGIL", "expanded_url": "https://www.thedailybeast.com/nazi-horrors-of-auschwitz-this-exhibit-reveals-what-it-was-like-to-live-and-die-in-the-ww2-concentration-camp", "display_url": "thedailybeast.com/nazi-horrors-o\u2026", "indices": [45, 68]}]}, "metadata": {"iso_language_code": "en", "result_type": "recent"}, "source": "<a href=\"https://mobile.twitter.com\" rel=\"nofollow\">Twitter Web App</a>", "in_reply_to_status_id": 1203037213589684225, "in_reply_to_status_id_str": "1203037213589684225", "in_reply_to_user_id": 1003726363935854592, "in_reply_to_user_id_str": "1003726363935854592", "in_reply_to_screen_name": "WalkerMaths", "user": {"id": 1003726363935854592, "id_str": "1003726363935854592", "name": "Mike Walker Sci & maths tutor [retired teacher]", "screen_name": "WalkerMaths", "location": "Chippenham, England", "description": "I am a Nationalist, proud of my cultural heritage and respectful to the monarchy.  I am UKIP and want to dispel any false perceptions about my Party.", "url": null, "entities": {"description": {"urls": []}}, "protected": false, "followers_count": 164, "friends_count": 216, "listed_count": 1, "created_at": "Mon Jun 04 19:53:08 +0000 2018", "favourites_count": 1498, "utc_offset": null, "time_zone": null, "geo_enabled": false, "verified": false, "statuses_count": 2052, "lang": null, "contributors_enabled": false, "is_translator": false, "is_translation_enabled": false, "profile_background_color": "000000", "profile_background_image_url": "http://abs.twimg.com/images/themes/theme1/bg.png", "profile_background_image_url_https": "https://abs.twimg.com/images/themes/theme1/bg.png", "profile_background_tile": false, "profile_image_url": "http://pbs.twimg.com/profile_images/1057040889472786434/caAnP02__normal.jpg", "profile_image_url_https": "https://pbs.twimg.com/profile_images/1057040889472786434/caAnP02__normal.jpg", "profile_banner_url": "https://pbs.twimg.com/profile_banners/1003726363935854592/1562959252", "profile_link_color": "981CEB", "profile_sidebar_border_color": "000000", "profile_sidebar_fill_color": "000000", "profile_text_color": "000000", "profile_use_background_image": false, "has_extended_profile": true, "default_profile": false, "default_profile_image": false, "following": false, "follow_request_sent": false, "notifications": false, "translator_type": "none"}, "geo": null, "coordinates": null, "place": null, "contributors": null, "is_quote_status": false, "retweet_count": 1, "favorite_count": 2, "favorited": false, "retweeted": false, "possibly_sensitive": false, "lang": "und"}, "retweet_count": 0, "favorite_count": 1, "favorited": false, "retweeted": false, "possibly_sensitive": false, "lang": "en"},{"created_at": "Fri Dec 06 12:31:07 +0000 2019", "id": 1202928452392886272, "id_str": "1202928452392886272", "text": "He arrived to Auschwitz on his 22nd birthday.\n\nhttps://t.co/UvqBd4dqdT\n\nSource: Archive of the Auschwitz-Birkenau State Museum.", "truncated": false, "entities": {"hashtags": [], "symbols": [], "user_mentions": [], "urls": [{"url": "https://t.co/UvqBd4dqdT", "expanded_url": "http://base.auschwitz.org/wiezien.php?lang=en&ok=osoba&id_osoba=179390", "display_url": "base.auschwitz.org/wiezien.php?la\u2026", "indices": [47, 70]}]}, "metadata": {"iso_language_code": "en", "result_type": "recent"}, "source": "<a href=\"https://mobile.twitter.com\" rel=\"nofollow\">Twitter Web App</a>", "in_reply_to_status_id": 1202927923528896544, "in_reply_to_status_id_str": "1202927923528896544", "in_reply_to_user_id": 35783517, "in_reply_to_user_id_str": "35783517", "in_reply_to_screen_name": "sawnicky", "user": {"id": 35783517, "id_str": "35783517", "name": "Nick Sawicki", "screen_name": "sawnicky", "location": "Wingham, Ontario", "description": "I wake up early and talk on the radio", "url": "http://t.co/ZGSh3vV2iL", "entities": {"url": {"urls": [{"url": "http://t.co/ZGSh3vV2iL", "expanded_url": "http://www.1017theone.ca", "display_url": "1017theone.ca", "indices": [0, 22]}]}, "description": {"urls": []}}, "protected": false, "followers_count": 570, "friends_count": 770, "listed_count": 6, "created_at": "Mon Apr 27 16:22:12 +0000 2009", "favourites_count": 648, "utc_offset": null, "time_zone": null, "geo_enabled": false, "verified": false, "statuses_count": 3480, "lang": null, "contributors_enabled": false, "is_translator": false, "is_translation_enabled": false, "profile_background_color": "9AE4E8", "profile_background_image_url": "http://abs.twimg.com/images/themes/theme1/bg.png", "profile_background_image_url_https": "https://abs.twimg.com/images/themes/theme1/bg.png", "profile_background_tile": true, "profile_image_url": "http://pbs.twimg.com/profile_images/1397087566/nick_n_lizard_normal.jpg", "profile_image_url_https": "https://pbs.twimg.com/profile_images/1397087566/nick_n_lizard_normal.jpg", "profile_banner_url": "https://pbs.twimg.com/profile_banners/35783517/1355318921", "profile_link_color": "0084B4", "profile_sidebar_border_color": "BDDCAD", "profile_sidebar_fill_color": "DDFFCC", "profile_text_color": "333333", "profile_use_background_image": true, "has_extended_profile": false, "default_profile": false, "default_profile_image": false, "following": false, "follow_request_sent": false, "notifications": false, "translator_type": "none"}, "geo": null, "coordinates": null, "place": null, "contributors": null, "is_quote_status": false, "retweet_count": 0, "favorite_count": 1, "favorited": false, "retweeted": false, "possibly_sensitive": false, "lang": "en"},{"created_at": "Tue Dec 03 12:32:59 +0000 2019", "id": 1201841760273600514, "id_str": "1201841760273600514", "text": "RT @clevelanddotcom: The move comes after the Auschwitz-Birkenau state museum on Sunday appealed to Amazon to remove the merchandise, which\u2026", "truncated": false, "entities": {"hashtags": [], "symbols": [], "user_mentions": [{"screen_name": "clevelanddotcom", "name": "clevelanddotcom", "id": 14267944, "id_str": "14267944", "indices": [3, 19]}], "urls": []}, "metadata": {"iso_language_code": "en", "result_type": "recent"}, "source": "<a href=\"https://mobile.twitter.com\" rel=\"nofollow\">Twitter Web App</a>", "in_reply_to_status_id": null, "in_reply_to_status_id_str": null, "in_reply_to_user_id": null, "in_reply_to_user_id_str": null, "in_reply_to_screen_name": null, "user": {"id": 6996062, "id_str": "6996062", "name": "stanley woo", "screen_name": "ltoons", "location": "Cleveland, ohio", "description": "i'm a HairStylist,Helping your Hair be your Friend ,and  Equal Opportunity Annoyer, former Accordionist . MAGA Deplorable Hillbilly Dork, Cult 45 Member.", "url": null, "entities": {"description": {"urls": []}}, "protected": false, "followers_count": 3940, "friends_count": 4374, "listed_count": 8, "created_at": "Thu Jun 21 14:42:04 +0000 2007", "favourites_count": 60162, "utc_offset": null, "time_zone": null, "geo_enabled": true, "verified": false, "statuses_count": 57159, "lang": null, "contributors_enabled": false, "is_translator": false, "is_translation_enabled": false, "profile_background_color": "9AE4E8", "profile_background_image_url": "http://abs.twimg.com/images/themes/theme1/bg.png", "profile_background_image_url_https": "https://abs.twimg.com/images/themes/theme1/bg.png", "profile_background_tile": false, "profile_image_url": "http://pbs.twimg.com/profile_images/937661416118501378/kf1w1bbb_normal.jpg", "profile_image_url_https": "https://pbs.twimg.com/profile_images/937661416118501378/kf1w1bbb_normal.jpg", "profile_banner_url": "https://pbs.twimg.com/profile_banners/6996062/1396959467", "profile_link_color": "0000FF", "profile_sidebar_border_color": "87BC44", "profile_sidebar_fill_color": "E0FF92", "profile_text_color": "000000", "profile_use_background_image": true, "has_extended_profile": true, "default_profile": false, "default_profile_image": false, "following": false, "follow_request_sent": false, "notifications": false, "translator_type": "none"}, "geo": null, "coordinates": null, "place": null, "contributors": null, "retweeted_status": {"created_at": "Tue Dec 03 12:32:07 +0000 2019", "id": 1201841542643769345, "id_str": "1201841542643769345", "text": "The move comes after the Auschwitz-Birkenau state museum on Sunday appealed to Amazon to remove the merchandise, wh\u2026 https://t.co/8Du8Sc1GBt", "truncated": true, "entities": {"hashtags": [], "symbols": [], "user_mentions": [], "urls": [{"url": "https://t.co/8Du8Sc1GBt", "expanded_url": "https://twitter.com/i/web/status/1201841542643769345", "display_url": "twitter.com/i/web/status/1\u2026", "indices": [117, 140]}]}, "metadata": {"iso_language_code": "en", "result_type": "recent"}, "source": "<a href=\"http://www.socialflow.com\" rel=\"nofollow\">SocialFlow</a>", "in_reply_to_status_id": null, "in_reply_to_status_id_str": null, "in_reply_to_user_id": null, "in_reply_to_user_id_str": null, "in_reply_to_screen_name": null, "user": {"id": 14267944, "id_str": "14267944", "name": "clevelanddotcom", "screen_name": "clevelanddotcom", "location": "Cleveland, Ohio", "description": "Breaking news, sports and entertainment from across Northeast Ohio.", "url": "https://t.co/TFle8GJl3Y", "entities": {"url": {"urls": [{"url": "https://t.co/TFle8GJl3Y", "expanded_url": "http://www.cleveland.com/", "display_url": "cleveland.com", "indices": [0, 23]}]}, "description": {"urls": []}}, "protected": false, "followers_count": 128136, "friends_count": 5668, "listed_count": 2041, "created_at": "Mon Mar 31 17:43:52 +0000 2008", "favourites_count": 6241, "utc_offset": null, "time_zone": null, "geo_enabled": true, "verified": true, "statuses_count": 224567, "lang": null, "contributors_enabled": false, "is_translator": false, "is_translation_enabled": false, "profile_background_color": "C0DEED", "profile_background_image_url": "http://abs.twimg.com/images/themes/theme1/bg.png", "profile_background_image_url_https": "https://abs.twimg.com/images/themes/theme1/bg.png", "profile_background_tile": false, "profile_image_url": "http://pbs.twimg.com/profile_images/756512334026203136/mPrYbFiE_normal.jpg", "profile_image_url_https": "https://pbs.twimg.com/profile_images/756512334026203136/mPrYbFiE_normal.jpg", "profile_banner_url": "https://pbs.twimg.com/profile_banners/14267944/1575786692", "profile_link_color": "0084B4", "profile_sidebar_border_color": "FFFFFF", "profile_sidebar_fill_color": "DDEEF6", "profile_text_color": "333333", "profile_use_background_image": true, "has_extended_profile": false, "default_profile": false, "default_profile_image": false, "following": false, "follow_request_sent": false, "notifications": false, "translator_type": "none"}, "geo": null, "coordinates": null, "place": null, "contributors": null, "is_quote_status": false, "retweet_count": 1, "favorite_count": 1, "favorited": false, "retweeted": false, "possibly_sensitive": false, "lang": "en"}, "is_quote_status": false, "retweet_count": 1, "favorite_count": 0, "favorited": false, "retweeted": false, "possibly_sensitive": false, "lang": "en"},{"created_at": "Tue Dec 03 12:32:07 +0000 2019", "id": 1201841542643769345, "id_str": "1201841542643769345", "text": "The move comes after the Auschwitz-Birkenau state museum on Sunday appealed to Amazon to remove the merchandise, wh\u2026 https://t.co/8Du8Sc1GBt", "truncated": true, "entities": {"hashtags": [], "symbols": [], "user_mentions": [], "urls": [{"url": "https://t.co/8Du8Sc1GBt", "expanded_url": "https://twitter.com/i/web/status/1201841542643769345", "display_url": "twitter.com/i/web/status/1\u2026", "indices": [117, 140]}]}, "metadata": {"iso_language_code": "en", "result_type": "recent"}, "source": "<a href=\"http://www.socialflow.com\" rel=\"nofollow\">SocialFlow</a>", "in_reply_to_status_id": null, "in_reply_to_status_id_str": null, "in_reply_to_user_id": null, "in_reply_to_user_id_str": null, "in_reply_to_screen_name": null, "user": {"id": 14267944, "id_str": "14267944", "name": "clevelanddotcom", "screen_name": "clevelanddotcom", "location": "Cleveland, Ohio", "description": "Breaking news, sports and entertainment from across Northeast Ohio.", "url": "https://t.co/TFle8GJl3Y", "entities": {"url": {"urls": [{"url": "https://t.co/TFle8GJl3Y", "expanded_url": "http://www.cleveland.com/", "display_url": "cleveland.com", "indices": [0, 23]}]}, "description": {"urls": []}}, "protected": false, "followers_count": 128136, "friends_count": 5668, "listed_count": 2041, "created_at": "Mon Mar 31 17:43:52 +0000 2008", "favourites_count": 6241, "utc_offset": null, "time_zone": null, "geo_enabled": true, "verified": true, "statuses_count": 224567, "lang": null, "contributors_enabled": false, "is_translator": false, "is_translation_enabled": false, "profile_background_color": "C0DEED", "profile_background_image_url": "http://abs.twimg.com/images/themes/theme1/bg.png", "profile_background_image_url_https": "https://abs.twimg.com/images/themes/theme1/bg.png", "profile_background_tile": false, "profile_image_url": "http://pbs.twimg.com/profile_images/756512334026203136/mPrYbFiE_normal.jpg", "profile_image_url_https": "https://pbs.twimg.com/profile_images/756512334026203136/mPrYbFiE_normal.jpg", "profile_banner_url": "https://pbs.twimg.com/profile_banners/14267944/1575786692", "profile_link_color": "0084B4", "profile_sidebar_border_color": "FFFFFF", "profile_sidebar_fill_color": "DDEEF6", "profile_text_color": "333333", "profile_use_background_image": true, "has_extended_profile": false, "default_profile": false, "default_profile_image": false, "following": false, "follow_request_sent": false, "notifications": false, "translator_type": "none"}, "geo": null, "coordinates": null, "place": null, "contributors": null, "is_quote_status": false, "retweet_count": 1, "favorite_count": 1, "favorited": false, "retweeted": false, "possibly_sensitive": false, "lang": "en"},{"created_at": "Tue Dec 03 12:31:47 +0000 2019", "id": 1201841457147076608, "id_str": "1201841457147076608", "text": "The move comes after the Auschwitz-Birkenau state museum appealed to Amazon to remove the merchandise, which also i\u2026 https://t.co/m3hiMV0ER7", "truncated": true, "entities": {"hashtags": [], "symbols": [], "user_mentions": [], "urls": [{"url": "https://t.co/m3hiMV0ER7", "expanded_url": "https://twitter.com/i/web/status/1201841457147076608", "display_url": "twitter.com/i/web/status/1\u2026", "indices": [117, 140]}]}, "metadata": {"iso_language_code": "en", "result_type": "recent"}, "source": "<a href=\"https://about.twitter.com/products/tweetdeck\" rel=\"nofollow\">TweetDeck</a>", "in_reply_to_status_id": null, "in_reply_to_status_id_str": null, "in_reply_to_user_id": null, "in_reply_to_user_id_str": null, "in_reply_to_screen_name": null, "user": {"id": 15145111, "id_str": "15145111", "name": "Tulsa's Channel 8", "screen_name": "KTULNews", "location": "Tulsa, OK", "description": "Tulsa's Channel 8 | KTUL | Covering Northeast Oklahoma. Find us on Facebook (KTULTV) & Instagram (ktulnews8).", "url": "https://t.co/mqQ5afYhAq", "entities": {"url": {"urls": [{"url": "https://t.co/mqQ5afYhAq", "expanded_url": "http://ktul.com", "display_url": "ktul.com", "indices": [0, 23]}]}, "description": {"urls": []}}, "protected": false, "followers_count": 87774, "friends_count": 384, "listed_count": 819, "created_at": "Tue Jun 17 12:43:15 +0000 2008", "favourites_count": 6848, "utc_offset": null, "time_zone": null, "geo_enabled": true, "verified": true, "statuses_count": 176606, "lang": null, "contributors_enabled": false, "is_translator": false, "is_translation_enabled": false, "profile_background_color": "333333", "profile_background_image_url": "http://abs.twimg.com/images/themes/theme1/bg.png", "profile_background_image_url_https": "https://abs.twimg.com/images/themes/theme1/bg.png", "profile_background_tile": false, "profile_image_url": "http://pbs.twimg.com/profile_images/1110998008718594055/X8VnuR2z_normal.png", "profile_image_url_https": "https://pbs.twimg.com/profile_images/1110998008718594055/X8VnuR2z_normal.png", "profile_banner_url": "https://pbs.twimg.com/profile_banners/15145111/1561128736", "profile_link_color": "2D1DA5", "profile_sidebar_border_color": "000000", "profile_sidebar_fill_color": "6585E7", "profile_text_color": "000000", "profile_use_background_image": true, "has_extended_profile": false, "default_profile": false, "default_profile_image": false, "following": false, "follow_request_sent": false, "notifications": false, "translator_type": "none"}, "geo": null, "coordinates": null, "place": null, "contributors": null, "is_quote_status": false, "retweet_count": 0, "favorite_count": 1, "favorited": false, "retweeted": false, "possibly_sensitive": false, "lang": "en"},{"created_at": "Tue Dec 03 12:02:02 +0000 2019", "id": 1201833971463737344, "id_str": "1201833971463737344", "text": "Wilhelm Brasse, #Bornonthisday took id photos of other inmates in the Auschwitz-Birkenau concentration camp under o\u2026 https://t.co/Kx2ulmpmlj", "truncated": true, "entities": {"hashtags": [{"text": "Bornonthisday", "indices": [16, 30]}], "symbols": [], "user_mentions": [], "urls": [{"url": "https://t.co/Kx2ulmpmlj", "expanded_url": "https://twitter.com/i/web/status/1201833971463737344", "display_url": "twitter.com/i/web/status/1\u2026", "indices": [117, 140]}]}, "metadata": {"iso_language_code": "en", "result_type": "recent"}, "source": "<a href=\"https://www.hootsuite.com\" rel=\"nofollow\">Hootsuite Inc.</a>", "in_reply_to_status_id": null, "in_reply_to_status_id_str": null, "in_reply_to_user_id": null, "in_reply_to_user_id_str": null, "in_reply_to_screen_name": null, "user": {"id": 160586385, "id_str": "160586385", "name": "Family Pictures USA", "screen_name": "FamilyPicsUSA", "location": "New York, USA", "description": "@PBS TV series that follows host @ThomasAHarris as he explores the country through the lens of the family photo album - Now streaming.", "url": "https://t.co/TrgYczYuQx", "entities": {"url": {"urls": [{"url": "https://t.co/TrgYczYuQx", "expanded_url": "http://www.FamilyPicturesUSA.com", "display_url": "FamilyPicturesUSA.com", "indices": [0, 23]}]}, "description": {"urls": []}}, "protected": false, "followers_count": 1571, "friends_count": 2722, "listed_count": 46, "created_at": "Mon Jun 28 15:59:54 +0000 2010", "favourites_count": 1167, "utc_offset": null, "time_zone": null, "geo_enabled": true, "verified": false, "statuses_count": 4030, "lang": null, "contributors_enabled": false, "is_translator": false, "is_translation_enabled": false, "profile_background_color": "6682CD", "profile_background_image_url": "http://abs.twimg.com/images/themes/theme9/bg.gif", "profile_background_image_url_https": "https://abs.twimg.com/images/themes/theme9/bg.gif", "profile_background_tile": false, "profile_image_url": "http://pbs.twimg.com/profile_images/1124427884519620609/8J1W7oYW_normal.png", "profile_image_url_https": "https://pbs.twimg.com/profile_images/1124427884519620609/8J1W7oYW_normal.png", "profile_banner_url": "https://pbs.twimg.com/profile_banners/160586385/1565800866", "profile_link_color": "3B94D9", "profile_sidebar_border_color": "000000", "profile_sidebar_fill_color": "8FB1FF", "profile_text_color": "333333", "profile_use_background_image": true, "has_extended_profile": false, "default_profile": false, "default_profile_image": false, "following": false, "follow_request_sent": false, "notifications": false, "translator_type": "none"}, "geo": null, "coordinates": null, "place": null, "contributors": null, "is_quote_status": false, "retweet_count": 0, "favorite_count": 1, "favorited": false, "retweeted": false, "possibly_sensitive": false, "lang": "en"},{"created_at": "Tue Dec 03 02:27:44 +0000 2019", "id": 1201689445180665861, "id_str": "1201689445180665861", "text": "RT @FOXLA: The Auschwitz-Birkenau state museum appealed to Amazon to remove the merchandise, which also included an Auschwitz bottle opener\u2026", "truncated": false, "entities": {"hashtags": [], "symbols": [], "user_mentions": [{"screen_name": "FOXLA", "name": "FOX 11 Los Angeles", "id": 9648652, "id_str": "9648652", "indices": [3, 9]}], "urls": []}, "metadata": {"iso_language_code": "en", "result_type": "recent"}, "source": "<a href=\"http://twitter.com/download/android\" rel=\"nofollow\">Twitter for Android</a>", "in_reply_to_status_id": null, "in_reply_to_status_id_str": null, "in_reply_to_user_id": null, "in_reply_to_user_id_str": null, "in_reply_to_screen_name": null, "user": {"id": 33074088, "id_str": "33074088", "name": "Lorrie Arias", "screen_name": "LorrieArias", "location": "California", "description": "Reality TV STAR  #FOX  #RealityTv #TheFive #Jesus #NASCAR", "url": "https://t.co/nqxFfmZDEf", "entities": {"url": {"urls": [{"url": "https://t.co/nqxFfmZDEf", "expanded_url": "http://www.youtube.com/watch?v=Ai36FX-4Wa0", "display_url": "youtube.com/watch?v=Ai36FX\u2026", "indices": [0, 23]}]}, "description": {"urls": []}}, "protected": false, "followers_count": 15560, "friends_count": 3808, "listed_count": 318, "created_at": "Sun Apr 19 00:57:33 +0000 2009", "favourites_count": 110101, "utc_offset": null, "time_zone": null, "geo_enabled": false, "verified": false, "statuses_count": 283779, "lang": null, "contributors_enabled": false, "is_translator": false, "is_translation_enabled": false, "profile_background_color": "131516", "profile_background_image_url": "http://abs.twimg.com/images/themes/theme3/bg.gif", "profile_background_image_url_https": "https://abs.twimg.com/images/themes/theme3/bg.gif", "profile_background_tile": false, "profile_image_url": "http://pbs.twimg.com/profile_images/478233886149726208/NQ-b7sgG_normal.jpeg", "profile_image_url_https": "https://pbs.twimg.com/profile_images/478233886149726208/NQ-b7sgG_normal.jpeg", "profile_banner_url": "https://pbs.twimg.com/profile_banners/33074088/1548532809", "profile_link_color": "DD2E44", "profile_sidebar_border_color": "EEEEEE", "profile_sidebar_fill_color": "EFEFEF", "profile_text_color": "333333", "profile_use_background_image": true, "has_extended_profile": false, "default_profile": false, "default_profile_image": false, "following": false, "follow_request_sent": false, "notifications": false, "translator_type": "none"}, "geo": null, "coordinates": null, "place": null, "contributors": null, "retweeted_status": {"created_at": "Mon Dec 02 20:04:37 +0000 2019", "id": 1201593030144331776, "id_str": "1201593030144331776", "text": "The Auschwitz-Birkenau state museum appealed to Amazon to remove the merchandise, which also included an Auschwitz\u2026 https://t.co/czYlCebzFH", "truncated": true, "entities": {"hashtags": [], "symbols": [], "user_mentions": [], "urls": [{"url": "https://t.co/czYlCebzFH", "expanded_url": "https://twitter.com/i/web/status/1201593030144331776", "display_url": "twitter.com/i/web/status/1\u2026", "indices": [116, 139]}]}, "metadata": {"iso_language_code": "en", "result_type": "recent"}, "source": "<a href=\"https://mobile.twitter.com\" rel=\"nofollow\">Twitter Web App</a>", "in_reply_to_status_id": null, "in_reply_to_status_id_str": null, "in_reply_to_user_id": null, "in_reply_to_user_id_str": null, "in_reply_to_screen_name": null, "user": {"id": 9648652, "id_str": "9648652", "name": "FOX 11 Los Angeles", "screen_name": "FOXLA", "location": "Los Angeles, CA", "description": "Official FOX 11 Los Angeles account for #LA News. Send news tips to fox11news@foxtv.com, use @FOXLA or call 310-584-2025. Follow @GDLA, too!", "url": "https://t.co/qUiWXZT1DR", "entities": {"url": {"urls": [{"url": "https://t.co/qUiWXZT1DR", "expanded_url": "http://www.foxla.com", "display_url": "foxla.com", "indices": [0, 23]}]}, "description": {"urls": []}}, "protected": false, "followers_count": 236950, "friends_count": 16577, "listed_count": 3255, "created_at": "Wed Oct 24 08:04:57 +0000 2007", "favourites_count": 2784, "utc_offset": null, "time_zone": null, "geo_enabled": true, "verified": true, "statuses_count": 168911, "lang": null, "contributors_enabled": false, "is_translator": false, "is_translation_enabled": false, "profile_background_color": "050505", "profile_background_image_url": "http://abs.twimg.com/images/themes/theme14/bg.gif", "profile_background_image_url_https": "https://abs.twimg.com/images/themes/theme14/bg.gif", "profile_background_tile": false, "profile_image_url": "http://pbs.twimg.com/profile_images/974081542669533184/cWiTpfYN_normal.jpg", "profile_image_url_https": "https://pbs.twimg.com/profile_images/974081542669533184/cWiTpfYN_normal.jpg", "profile_banner_url": "https://pbs.twimg.com/profile_banners/9648652/1569363938", "profile_link_color": "D40000", "profile_sidebar_border_color": "FFFFFF", "profile_sidebar_fill_color": "C0DFEC", "profile_text_color": "333333", "profile_use_background_image": true, "has_extended_profile": false, "default_profile": false, "default_profile_image": false, "following": false, "follow_request_sent": false, "notifications": false, "translator_type": "none"}, "geo": null, "coordinates": null, "place": null, "contributors": null, "is_quote_status": false, "retweet_count": 3, "favorite_count": 5, "favorited": false, "retweeted": false, "possibly_sensitive": false, "lang": "en"}, "is_quote_status": false, "retweet_count": 3, "favorite_count": 0, "favorited": false, "retweeted": false, "lang": "en"}]