[{"created_at": "Tue Dec 10 23:59:22 +0000 2019", "id": 1204551208318488576, "id_str": "1204551208318488576", "text": "Just posted a video @ Yellow Stone National Park.WY.USA https://t.co/OOhttna4h2", "truncated": false, "entities": {"hashtags": [], "symbols": [], "user_mentions": [], "urls": [{"url": "https://t.co/OOhttna4h2", "expanded_url": "https://www.instagram.com/p/B56UMk3gsEQ/?igshid=1x07h8rte2a4j", "display_url": "instagram.com/p/B56UMk3gsEQ/\u2026", "indices": [56, 79]}]}, "metadata": {"iso_language_code": "en", "result_type": "recent"}, "source": "<a href=\"http://instagram.com\" rel=\"nofollow\">Instagram</a>", "in_reply_to_status_id": null, "in_reply_to_status_id_str": null, "in_reply_to_user_id": null, "in_reply_to_user_id_str": null, "in_reply_to_screen_name": null, "user": {"id": 2763347869, "id_str": "2763347869", "name": "Michael Fritz", "screen_name": "themkfritz", "location": "Chico, CA", "description": "Join me at https://t.co/KvEv5LNaUL every other Saturday 10pm-midnight, Pacific Standard Time! The Drive, Synthwave, downtempo, dreampop, shoegaze. Anything retro and relaxing.", "url": "https://t.co/rXJNn3vRsx", "entities": {"url": {"urls": [{"url": "https://t.co/rXJNn3vRsx", "expanded_url": "http://OnTheFritz.me", "display_url": "OnTheFritz.me", "indices": [0, 23]}]}, "description": {"urls": [{"url": "https://t.co/KvEv5LNaUL", "expanded_url": "http://KZFR.org", "display_url": "KZFR.org", "indices": [11, 34]}]}}, "protected": false, "followers_count": 1172, "friends_count": 337, "listed_count": 24, "created_at": "Sun Aug 24 17:42:33 +0000 2014", "favourites_count": 510, "utc_offset": null, "time_zone": null, "geo_enabled": true, "verified": false, "statuses_count": 788, "lang": null, "contributors_enabled": false, "is_translator": false, "is_translation_enabled": false, "profile_background_color": "000000", "profile_background_image_url": "http://abs.twimg.com/images/themes/theme1/bg.png", "profile_background_image_url_https": "https://abs.twimg.com/images/themes/theme1/bg.png", "profile_background_tile": false, "profile_image_url": "http://pbs.twimg.com/profile_images/824847848642482176/9jx-Ex9n_normal.jpg", "profile_image_url_https": "https://pbs.twimg.com/profile_images/824847848642482176/9jx-Ex9n_normal.jpg", "profile_banner_url": "https://pbs.twimg.com/profile_banners/2763347869/1451898223", "profile_link_color": "575E61", "profile_sidebar_border_color": "000000", "profile_sidebar_fill_color": "000000", "profile_text_color": "000000", "profile_use_background_image": false, "has_extended_profile": false, "default_profile": false, "default_profile_image": false, "following": false, "follow_request_sent": false, "notifications": false, "translator_type": "none"}, "geo": {"type": "Point", "coordinates": [43.47922121, -110.7649956]}, "coordinates": {"type": "Point", "coordinates": [-110.7649956, 43.47922121]}, "place": {"id": "5fb320502d62dfa9", "url": "https://api.twitter.com/1.1/geo/id/5fb320502d62dfa9.json", "place_type": "city", "name": "Jackson", "full_name": "Jackson, WY", "country_code": "US", "country": "United States", "contained_within": [], "bounding_box": {"type": "Polygon", "coordinates": [[[-110.8134898, 43.458264], [-110.73759, 43.458264], [-110.73759, 43.4907341], [-110.8134898, 43.4907341]]]}, "attributes": {}}, "contributors": null, "is_quote_status": false, "retweet_count": 0, "favorite_count": 0, "favorited": false, "retweeted": false, "possibly_sensitive": false, "lang": "en"},{"created_at": "Tue Dec 10 13:06:29 +0000 2019", "id": 1204386905896284160, "id_str": "1204386905896284160", "text": "The volcano sitting under Yellow Stone National Park erupts every 600,000 years and the last time it erupted was 64\u2026 https://t.co/sUMIPHT69k", "truncated": true, "entities": {"hashtags": [], "symbols": [], "user_mentions": [], "urls": [{"url": "https://t.co/sUMIPHT69k", "expanded_url": "https://twitter.com/i/web/status/1204386905896284160", "display_url": "twitter.com/i/web/status/1\u2026", "indices": [117, 140]}]}, "metadata": {"iso_language_code": "en", "result_type": "recent"}, "source": "<a href=\"http://twitter.com/download/iphone\" rel=\"nofollow\">Twitter for iPhone</a>", "in_reply_to_status_id": null, "in_reply_to_status_id_str": null, "in_reply_to_user_id": null, "in_reply_to_user_id_str": null, "in_reply_to_screen_name": null, "user": {"id": 1048094719912239104, "id_str": "1048094719912239104", "name": "Sabs", "screen_name": "cocol00co", "location": "Anaheim, CA", "description": "cut the cameras, deadass", "url": null, "entities": {"description": {"urls": []}}, "protected": false, "followers_count": 186, "friends_count": 211, "listed_count": 0, "created_at": "Fri Oct 05 06:17:08 +0000 2018", "favourites_count": 3460, "utc_offset": null, "time_zone": null, "geo_enabled": false, "verified": false, "statuses_count": 3133, "lang": null, "contributors_enabled": false, "is_translator": false, "is_translation_enabled": false, "profile_background_color": "F5F8FA", "profile_background_image_url": null, "profile_background_image_url_https": null, "profile_background_tile": false, "profile_image_url": "http://pbs.twimg.com/profile_images/1201972625985032193/dlW4P0sN_normal.jpg", "profile_image_url_https": "https://pbs.twimg.com/profile_images/1201972625985032193/dlW4P0sN_normal.jpg", "profile_banner_url": "https://pbs.twimg.com/profile_banners/1048094719912239104/1575553155", "profile_link_color": "1DA1F2", "profile_sidebar_border_color": "C0DEED", "profile_sidebar_fill_color": "DDEEF6", "profile_text_color": "333333", "profile_use_background_image": true, "has_extended_profile": true, "default_profile": true, "default_profile_image": false, "following": false, "follow_request_sent": false, "notifications": false, "translator_type": "none"}, "geo": null, "coordinates": null, "place": null, "contributors": null, "is_quote_status": false, "retweet_count": 0, "favorite_count": 5, "favorited": false, "retweeted": false, "lang": "en"},{"created_at": "Sat Dec 07 18:28:04 +0000 2019", "id": 1203380672561205248, "id_str": "1203380672561205248", "text": "RT @meeshthetweeter: Chandler killed several Bears in Yellow Stone National park but no one wants to talk about it", "truncated": false, "entities": {"hashtags": [], "symbols": [], "user_mentions": [{"screen_name": "meeshthetweeter", "name": "Meesh", "id": 1099135600844828673, "id_str": "1099135600844828673", "indices": [3, 19]}], "urls": []}, "metadata": {"iso_language_code": "en", "result_type": "recent"}, "source": "<a href=\"https://mobile.twitter.com\" rel=\"nofollow\">Twitter Web App</a>", "in_reply_to_status_id": null, "in_reply_to_status_id_str": null, "in_reply_to_user_id": null, "in_reply_to_user_id_str": null, "in_reply_to_screen_name": null, "user": {"id": 1080517730862878725, "id_str": "1080517730862878725", "name": "Yunger Congressman \ud83c\uddef\ud83c\uddf2", "screen_name": "bigbabyJamaican", "location": "Jamaican from New YORK!", "description": "I tweet my political, religious, life, & sarcastic opinions - Future Pastor/Leader - Progressive Christian Democrat - Pats for LIFE!, KOBE, OU16, INTJ, Engineer", "url": null, "entities": {"description": {"urls": []}}, "protected": false, "followers_count": 297, "friends_count": 502, "listed_count": 1, "created_at": "Wed Jan 02 17:34:36 +0000 2019", "favourites_count": 58054, "utc_offset": null, "time_zone": null, "geo_enabled": false, "verified": false, "statuses_count": 31519, "lang": null, "contributors_enabled": false, "is_translator": false, "is_translation_enabled": false, "profile_background_color": "F5F8FA", "profile_background_image_url": null, "profile_background_image_url_https": null, "profile_background_tile": false, "profile_image_url": "http://pbs.twimg.com/profile_images/1189008094988140545/_VjmYiRD_normal.jpg", "profile_image_url_https": "https://pbs.twimg.com/profile_images/1189008094988140545/_VjmYiRD_normal.jpg", "profile_banner_url": "https://pbs.twimg.com/profile_banners/1080517730862878725/1546452383", "profile_link_color": "1DA1F2", "profile_sidebar_border_color": "C0DEED", "profile_sidebar_fill_color": "DDEEF6", "profile_text_color": "333333", "profile_use_background_image": true, "has_extended_profile": true, "default_profile": true, "default_profile_image": false, "following": false, "follow_request_sent": false, "notifications": false, "translator_type": "none"}, "geo": null, "coordinates": null, "place": null, "contributors": null, "retweeted_status": {"created_at": "Sat Dec 07 18:26:02 +0000 2019", "id": 1203380160298442761, "id_str": "1203380160298442761", "text": "Chandler killed several Bears in Yellow Stone National park but no one wants to talk about it", "truncated": false, "entities": {"hashtags": [], "symbols": [], "user_mentions": [], "urls": []}, "metadata": {"iso_language_code": "en", "result_type": "recent"}, "source": "<a href=\"http://twitter.com/download/iphone\" rel=\"nofollow\">Twitter for iPhone</a>", "in_reply_to_status_id": null, "in_reply_to_status_id_str": null, "in_reply_to_user_id": null, "in_reply_to_user_id_str": null, "in_reply_to_screen_name": null, "user": {"id": 1099135600844828673, "id_str": "1099135600844828673", "name": "Meesh", "screen_name": "meeshthetweeter", "location": "", "description": "Where stuff happens", "url": null, "entities": {"description": {"urls": []}}, "protected": false, "followers_count": 131, "friends_count": 317, "listed_count": 0, "created_at": "Sat Feb 23 02:35:22 +0000 2019", "favourites_count": 718, "utc_offset": null, "time_zone": null, "geo_enabled": false, "verified": false, "statuses_count": 2591, "lang": null, "contributors_enabled": false, "is_translator": false, "is_translation_enabled": false, "profile_background_color": "F5F8FA", "profile_background_image_url": null, "profile_background_image_url_https": null, "profile_background_tile": false, "profile_image_url": "http://pbs.twimg.com/profile_images/1176504104010604546/vNm-zQtU_normal.jpg", "profile_image_url_https": "https://pbs.twimg.com/profile_images/1176504104010604546/vNm-zQtU_normal.jpg", "profile_banner_url": "https://pbs.twimg.com/profile_banners/1099135600844828673/1569725438", "profile_link_color": "1DA1F2", "profile_sidebar_border_color": "C0DEED", "profile_sidebar_fill_color": "DDEEF6", "profile_text_color": "333333", "profile_use_background_image": true, "has_extended_profile": false, "default_profile": true, "default_profile_image": false, "following": false, "follow_request_sent": false, "notifications": false, "translator_type": "none"}, "geo": null, "coordinates": null, "place": null, "contributors": null, "is_quote_status": false, "retweet_count": 1, "favorite_count": 2, "favorited": false, "retweeted": false, "lang": "en"}, "is_quote_status": false, "retweet_count": 1, "favorite_count": 0, "favorited": false, "retweeted": false, "lang": "en"},{"created_at": "Sat Dec 07 18:26:02 +0000 2019", "id": 1203380160298442761, "id_str": "1203380160298442761", "text": "Chandler killed several Bears in Yellow Stone National park but no one wants to talk about it", "truncated": false, "entities": {"hashtags": [], "symbols": [], "user_mentions": [], "urls": []}, "metadata": {"iso_language_code": "en", "result_type": "recent"}, "source": "<a href=\"http://twitter.com/download/iphone\" rel=\"nofollow\">Twitter for iPhone</a>", "in_reply_to_status_id": null, "in_reply_to_status_id_str": null, "in_reply_to_user_id": null, "in_reply_to_user_id_str": null, "in_reply_to_screen_name": null, "user": {"id": 1099135600844828673, "id_str": "1099135600844828673", "name": "Meesh", "screen_name": "meeshthetweeter", "location": "", "description": "Where stuff happens", "url": null, "entities": {"description": {"urls": []}}, "protected": false, "followers_count": 131, "friends_count": 317, "listed_count": 0, "created_at": "Sat Feb 23 02:35:22 +0000 2019", "favourites_count": 718, "utc_offset": null, "time_zone": null, "geo_enabled": false, "verified": false, "statuses_count": 2591, "lang": null, "contributors_enabled": false, "is_translator": false, "is_translation_enabled": false, "profile_background_color": "F5F8FA", "profile_background_image_url": null, "profile_background_image_url_https": null, "profile_background_tile": false, "profile_image_url": "http://pbs.twimg.com/profile_images/1176504104010604546/vNm-zQtU_normal.jpg", "profile_image_url_https": "https://pbs.twimg.com/profile_images/1176504104010604546/vNm-zQtU_normal.jpg", "profile_banner_url": "https://pbs.twimg.com/profile_banners/1099135600844828673/1569725438", "profile_link_color": "1DA1F2", "profile_sidebar_border_color": "C0DEED", "profile_sidebar_fill_color": "DDEEF6", "profile_text_color": "333333", "profile_use_background_image": true, "has_extended_profile": false, "default_profile": true, "default_profile_image": false, "following": false, "follow_request_sent": false, "notifications": false, "translator_type": "none"}, "geo": null, "coordinates": null, "place": null, "contributors": null, "is_quote_status": false, "retweet_count": 1, "favorite_count": 2, "favorited": false, "retweeted": false, "lang": "en"},{"created_at": "Wed Dec 04 14:18:32 +0000 2019", "id": 1202230711211544576, "id_str": "1202230711211544576", "text": "China occupied Tibet is ringed by world\u2019s tallest mountain ranges, known as \u201crooftop of the world\u201d is now under the\u2026 https://t.co/Wneson8ZPD", "truncated": true, "entities": {"hashtags": [], "symbols": [], "user_mentions": [], "urls": [{"url": "https://t.co/Wneson8ZPD", "expanded_url": "https://twitter.com/i/web/status/1202230711211544576", "display_url": "twitter.com/i/web/status/1\u2026", "indices": [117, 140]}]}, "metadata": {"iso_language_code": "en", "result_type": "recent"}, "source": "<a href=\"https://mobile.twitter.com\" rel=\"nofollow\">Twitter Web App</a>", "in_reply_to_status_id": null, "in_reply_to_status_id_str": null, "in_reply_to_user_id": null, "in_reply_to_user_id_str": null, "in_reply_to_screen_name": null, "user": {"id": 365268238, "id_str": "365268238", "name": "aloysius", "screen_name": "aloysius34", "location": "Hyderabad India", "description": "Inherent that little bit what they call desh seva.", "url": "http://t.co/KdYE8V6WF5", "entities": {"url": {"urls": [{"url": "http://t.co/KdYE8V6WF5", "expanded_url": "http://dumbfound38.blogspot.in/", "display_url": "dumbfound38.blogspot.in", "indices": [0, 22]}]}, "description": {"urls": []}}, "protected": false, "followers_count": 217, "friends_count": 196, "listed_count": 20, "created_at": "Wed Aug 31 04:13:51 +0000 2011", "favourites_count": 255, "utc_offset": null, "time_zone": null, "geo_enabled": false, "verified": false, "statuses_count": 23001, "lang": null, "contributors_enabled": false, "is_translator": false, "is_translation_enabled": false, "profile_background_color": "FCEBB6", "profile_background_image_url": "http://abs.twimg.com/images/themes/theme1/bg.png", "profile_background_image_url_https": "https://abs.twimg.com/images/themes/theme1/bg.png", "profile_background_tile": true, "profile_image_url": "http://pbs.twimg.com/profile_images/2564874249/zfcmdgwlxzlg8zq5a8it_normal.jpeg", "profile_image_url_https": "https://pbs.twimg.com/profile_images/2564874249/zfcmdgwlxzlg8zq5a8it_normal.jpeg", "profile_banner_url": "https://pbs.twimg.com/profile_banners/365268238/1355801030", "profile_link_color": "CE7834", "profile_sidebar_border_color": "F0A830", "profile_sidebar_fill_color": "78C0A8", "profile_text_color": "5E412F", "profile_use_background_image": true, "has_extended_profile": false, "default_profile": false, "default_profile_image": false, "following": false, "follow_request_sent": false, "notifications": false, "translator_type": "none"}, "geo": null, "coordinates": null, "place": null, "contributors": null, "is_quote_status": false, "retweet_count": 0, "favorite_count": 0, "favorited": false, "retweeted": false, "possibly_sensitive": false, "lang": "en"},{"created_at": "Tue Dec 03 18:17:59 +0000 2019", "id": 1201928580587896832, "id_str": "1201928580587896832", "text": "Thinking about yellow stone national park erupting", "truncated": false, "entities": {"hashtags": [], "symbols": [], "user_mentions": [], "urls": []}, "metadata": {"iso_language_code": "en", "result_type": "recent"}, "source": "<a href=\"http://twitter.com/download/iphone\" rel=\"nofollow\">Twitter for iPhone</a>", "in_reply_to_status_id": null, "in_reply_to_status_id_str": null, "in_reply_to_user_id": null, "in_reply_to_user_id_str": null, "in_reply_to_screen_name": null, "user": {"id": 192739122, "id_str": "192739122", "name": "Jon \ud83d\udcaf\ud83e\udd18\ud83c\udffe", "screen_name": "JonnGrey", "location": "", "description": "LongLiveLeeko \ud83d\udc99\u270a\ud83c\udffd Play For Keeps", "url": null, "entities": {"description": {"urls": []}}, "protected": false, "followers_count": 2848, "friends_count": 685, "listed_count": 89, "created_at": "Mon Sep 20 00:57:17 +0000 2010", "favourites_count": 52497, "utc_offset": null, "time_zone": null, "geo_enabled": true, "verified": false, "statuses_count": 173118, "lang": null, "contributors_enabled": false, "is_translator": false, "is_translation_enabled": false, "profile_background_color": "8A0707", "profile_background_image_url": "http://abs.twimg.com/images/themes/theme1/bg.png", "profile_background_image_url_https": "https://abs.twimg.com/images/themes/theme1/bg.png", "profile_background_tile": true, "profile_image_url": "http://pbs.twimg.com/profile_images/1195157668131790849/5M8KD2au_normal.jpg", "profile_image_url_https": "https://pbs.twimg.com/profile_images/1195157668131790849/5M8KD2au_normal.jpg", "profile_banner_url": "https://pbs.twimg.com/profile_banners/192739122/1564551565", "profile_link_color": "19CF86", "profile_sidebar_border_color": "FFFFFF", "profile_sidebar_fill_color": "000000", "profile_text_color": "FCFCFC", "profile_use_background_image": true, "has_extended_profile": true, "default_profile": false, "default_profile_image": false, "following": false, "follow_request_sent": false, "notifications": false, "translator_type": "regular"}, "geo": null, "coordinates": null, "place": null, "contributors": null, "is_quote_status": false, "retweet_count": 0, "favorite_count": 2, "favorited": false, "retweeted": false, "lang": "en"}]